-- Création des enumerations
CREATE TYPE Enum_Sexe as ENUM('Homme', 'Femme');
CREATE TYPE Enum_Sexe_Epreuve as ENUM('Hommes', 'Femmes', 'Mixte');
CREATE TYPE Enum_Couleur as ENUM('Or', 'Argent', 'Bronze');
CREATE TYPE Enum_Sport_Categorie as ENUM('Individuel', 'Collectif', 'Les 2');
CREATE TYPE Enum_Saison as ENUM('Été', 'Automne', 'Hiver', 'Printemps');

-- Creation de la table Pays
DROP TABLE IF EXISTS Pays CASCADE;
CREATE TABLE Pays (
    Code_Pays VARCHAR(3) NOT NULL,
    Nom_Pays VARCHAR(50) NOT NULL,
    Continent VARCHAR (30) NOT NULL,
    Pays_Description VARCHAR(400),
    PRIMARY KEY (Code_Pays)
);

-- Creation de la table Athlète
DROP TABLE IF EXISTS Athlète CASCADE;
CREATE TABLE Athlète (
    ID_Athlète INTEGER NOT NULL,
    Nom_Athlète VARCHAR(30) NOT NULL,
    Prenom_Athlète VARCHAR(30) NOT NULL,
    Sexe_Athlète Enum_Sexe,
    Date_Naissance_Athlète DATE,
    Lieu_Naissance_Athlète VARCHAR(30),
    Handicap_Athlète VARCHAR(30),
    Image_Athlète VARCHAR(200),
    Poids_Athlète INTEGER,
    Taille_Athlète INTEGER CHECK (Taille_Athlète < 300),
    Athlète_Biographie VARCHAR(400),
    Code_Pays VARCHAR(3) NOT NULL,
    PRIMARY KEY (ID_Athlète)
);

-- Creation de la table Sport
DROP TABLE IF EXISTS Sport CASCADE;
CREATE TABLE Sport (
    ID_Sport INTEGER NOT NULL,
    Nom_Sport VARCHAR(30) NOT NULL,
    Catégorie_Sport Enum_Sport_Categorie,
    Handicap_Sport VARCHAR(200),
    Date_Création DATE,
    Saison_Sport Enum_Saison,
    Sport_Description VARCHAR(400),
    PRIMARY KEY(ID_Sport)
);

-- Creation de la table Équipe
DROP TABLE IF EXISTS Équipe CASCADE;
CREATE TABLE Équipe (
    ID_Équipe INTEGER NOT NULL,
    Nom_Équipe VARCHAR(50) NOT NULL,
    Nombre_Athlètes INTEGER,
    Code_Pays VARCHAR(3) NOT NULL,
    ID_Sport INTEGER NOT NULL,
    ID_Entraîneur INTEGER,
    PRIMARY KEY(ID_Équipe)
);

-- Création de la table Entraîneur
DROP TABLE IF EXISTS Entraîneur CASCADE;
CREATE TABLE Entraîneur(
    ID_Entraîneur INTEGER NOT NULL,
    Nom_Entraîneur VARCHAR(30) NOT NULL,
    Prénom_Entraîneur VARCHAR(30) NOT NULL,
    Date_Naissance_Entraîneur DATE,
    Lieu_Naissance_Entraîneur VARCHAR(30),
    Sexe_Entraîneur Enum_Sexe,
    Nationalité_Entraîneur VARCHAR(30) NOT NULL,
    Entraîneur_Biographie VARCHAR(400),
    Image_Entraîneur VARCHAR(200),
    ID_Équipe INTEGER NOT NULL,
    PRIMARY KEY (ID_Entraîneur)
);


-- Création de la table Arbitre
DROP TABLE IF EXISTS Arbitre CASCADE;
CREATE TABLE Arbitre (
    ID_Arbitre INTEGER NOT NULL,
    Nom_Arbitre VARCHAR(30) NOT NULL,
    Prenom_Arbitre VARCHAR(30) NOT NULL,
    Nationalité_Arbitre VARCHAR(30) NOT NULL,
    Date_Naissance_Arbitre DATE,
    Lieu_Naissance_Arbitre VARCHAR(30),
    Sexe_Arbitre Enum_Sexe,
    Arbitre_Biographie VARCHAR(400),
    Image_Arbitre VARCHAR(200),
    PRIMARY KEY(ID_Arbitre)
);


-- Création de la table Épreuve
DROP TABLE IF EXISTS Épreuve CASCADE;
CREATE TABLE Épreuve(
    ID_Épreuve INTEGER NOT NULL,
    Sexe_Épreuve Enum_Sexe_Epreuve,
    Catégorie_Épreuve VARCHAR(50),
    Dernier_Record FLOAT,
    Détenteur_Record VARCHAR(100),
    ID_Sport INT NOT NULL,
    PRIMARY KEY (ID_Épreuve)
);

-- Création de la table Médaille
DROP TABLE IF EXISTS Médaille CASCADE;
CREATE TABLE Médaille(
    ID_Médaille INTEGER NOT NULL,
    Couleur_Médaille Enum_Couleur,
    ID_Épreuve INT NOT NULL,
    ID_Athlète INT,
    PRIMARY KEY (ID_Médaille)
);

-- Création de la table Site
DROP TABLE IF EXISTS Site CASCADE;
CREATE TABLE Site(
    ID_Site INTEGER NOT NULL,
    Nom_Site VARCHAR(50) NOT NULL,
    Date_Construction DATE,
    Capacité_Spectateurs INT,
    Localisation_Site VARCHAR(50),
    Adresse_Site VARCHAR(70),
    Ville_Site VARCHAR(30),
    Site_Description VARCHAR(500),
    Image_Site VARCHAR(800),
    PRIMARY KEY(ID_Site)
);


-- Création de la table Évènement
DROP TABLE IF EXISTS Évènement CASCADE;
CREATE TABLE Évènement (
    ID_Évènement INTEGER NOT NULL,
    Date_Évènement DATE NOT NULL,
    Heure_Évènement TIME NOT NULL,
    ID_Épreuve INTEGER NOT NULL,
    ID_Site INTEGER NOT NULL,
    PRIMARY KEY(ID_Évènement)
);

-- Création de la table Transport
DROP TABLE IF EXISTS Transport CASCADE;
CREATE TABLE Transport (
    ID_Transport INTEGER NOT NULL,
    Type_Transport VARCHAR(15),
    Numéro_Transport VARCHAR(50),
    PRIMARY KEY(ID_Transport)
);

-- Création de la table Participer_Sport
DROP TABLE IF EXISTS Participer_Sport CASCADE;
CREATE TABLE Participer_Sport (
    ID_Sport INTEGER NOT NULL,
    Code_Pays VARCHAR(3) NOT NULL,
    Nombre_Athletes INTEGER,
    PRIMARY KEY(ID_Sport, Code_Pays)
);

-- Creation de la table Jouer_Dans
DROP TABLE IF EXISTS Jouer_Dans CASCADE;
CREATE TABLE Jouer_Dans (
    ID_Équipe INTEGER NOT NULL,
    ID_Athlète INTEGER NOT NULL,
    Rôle_Athlète VARCHAR(30),
    PRIMARY KEY (ID_Équipe, ID_Athlète)
);

-- Creation de la table Arbitrer
DROP TABLE IF EXISTS Arbitrer CASCADE;
CREATE TABLE Arbitrer (
    ID_Évènement INTEGER NOT NULL,
    ID_Arbitre INTEGER NOT NULL,
    Rôle_Arbitre VARCHAR(30),
    PRIMARY KEY (ID_Évènement, ID_Arbitre)
);

-- Creation de la table Athlète_Participer_Évènement
DROP TABLE IF EXISTS Athlète_Participer_Évènement CASCADE;
CREATE TABLE Athlète_Participer_Évènement (
    ID_Athlète INTEGER NOT NULL,
    ID_Évènement INTEGER NOT NULL,
    Performance_Athlète FLOAT NOT NULL,
    Rang_Athlète INTEGER,
    PRIMARY KEY (ID_Athlète, ID_Évènement)
);

-- Creation de la table Équipe_Participer_Évènement
DROP TABLE IF EXISTS Équipe_Participer_Évènement CASCADE;
CREATE TABLE Équipe_Participer_Évènement (
    ID_Équipe INTEGER NOT NULL,
    ID_Évènement INTEGER NOT NULL,
    Performance_Équipe FLOAT NOT NULL,
    Rang_Équipe INTEGER,
    PRIMARY KEY (ID_Équipe, ID_Évènement)
);

-- Creation de la table Desservir
DROP TABLE IF EXISTS Desservir CASCADE;
CREATE TABLE Desservir (
    ID_Transport INTEGER NOT NULL,
    ID_Site INTEGER NOT NULL,
    PRIMARY KEY (ID_Transport, ID_Site)
);

-- Ajout des clés étrangères dans les tables
ALTER TABLE Athlète ADD CONSTRAINT FK_Athlète_Pays FOREIGN KEY (Code_Pays) REFERENCES Pays (Code_Pays);
ALTER TABLE Équipe ADD CONSTRAINT FK_Équipe_Pays FOREIGN KEY (Code_Pays) REFERENCES Pays (Code_Pays);
ALTER TABLE Équipe ADD CONSTRAINT FK_Équipe_Sport FOREIGN KEY (ID_Sport) REFERENCES Sport (ID_Sport);
ALTER TABLE Équipe ADD CONSTRAINT FK_Équipe_Entraîneur FOREIGN KEY (ID_Entraîneur) REFERENCES Entraîneur (ID_Entraîneur);
ALTER TABLE Entraîneur ADD CONSTRAINT FK_Entraîneur_Équipe FOREIGN KEY (ID_Équipe) REFERENCES Équipe (ID_Équipe);
ALTER TABLE Épreuve ADD CONSTRAINT FK_Épreuve_Sport FOREIGN KEY (ID_Sport) REFERENCES Sport (ID_Sport);
ALTER TABLE Médaille ADD CONSTRAINT FK_Médaille_Épreuve FOREIGN KEY (ID_Épreuve) REFERENCES Épreuve (ID_Épreuve);
ALTER TABLE Médaille ADD CONSTRAINT FK_Médaille_Athlète FOREIGN KEY (ID_Athlète) REFERENCES Athlète (ID_Athlète);
ALTER TABLE Évènement ADD CONSTRAINT FK_Évènement_Épreuve FOREIGN KEY (ID_Épreuve) REFERENCES Épreuve (ID_Épreuve);
ALTER TABLE Évènement ADD CONSTRAINT FK_Évènement_Site FOREIGN KEY (ID_Site) REFERENCES Site (ID_Site);
ALTER TABLE Participer_Sport ADD CONSTRAINT FK_Participer_Sport_Sport FOREIGN KEY (ID_Sport) REFERENCES Sport (ID_Sport);
ALTER TABLE Participer_Sport ADD CONSTRAINT FK_Participer_Sport_Pays FOREIGN KEY (Code_Pays) REFERENCES Pays (Code_Pays);
ALTER TABLE Jouer_Dans ADD CONSTRAINT FK_Jouer_Dans_Équipe FOREIGN KEY (ID_Équipe) REFERENCES Équipe (ID_Équipe);
ALTER TABLE Jouer_Dans ADD CONSTRAINT FK_Jouer_Dans_Athlète FOREIGN KEY (ID_Athlète) REFERENCES Athlète (ID_Athlète);
ALTER TABLE Arbitrer ADD CONSTRAINT FK_Arbitre_Évènement FOREIGN KEY (ID_Évènement) REFERENCES Évènement (ID_Évènement);
ALTER TABLE Arbitrer ADD CONSTRAINT FK_Arbitre_Arbitre FOREIGN KEY (ID_Arbitre) REFERENCES Arbitre (ID_Arbitre);
ALTER TABLE Athlète_Participer_Évènement ADD CONSTRAINT FK_Athlète_Participer_Évènement_Évènement FOREIGN KEY (ID_Évènement) REFERENCES Évènement (ID_Évènement);
ALTER TABLE Athlète_Participer_Évènement ADD CONSTRAINT FK_Athlète_Participer_Évènement_Athlète FOREIGN KEY (ID_Athlète) REFERENCES Athlète (ID_Athlète);
ALTER TABLE Équipe_Participer_Évènement ADD CONSTRAINT FK_Équipe_Participer_Évènement_Évènement FOREIGN KEY (ID_Évènement) REFERENCES Évènement (ID_Évènement);
ALTER TABLE Équipe_Participer_Évènement ADD CONSTRAINT FK_Équipe_Participer_Évènement_Équipe FOREIGN KEY (ID_Équipe) REFERENCES Équipe (ID_Équipe);
ALTER TABLE Desservir ADD CONSTRAINT FK_Desservir_Transport FOREIGN KEY (ID_Transport) REFERENCES Transport (ID_Transport);
ALTER TABLE Desservir ADD CONSTRAINT FK_Desservir_Site FOREIGN KEY (ID_Site) REFERENCES Site (ID_Site);

-- Ajout de la contrainte Mise à jour en cascade
ALTER TABLE Athlète ADD CONSTRAINT UC_Athlète_Code_Pays FOREIGN KEY (Code_Pays) REFERENCES Pays (Code_Pays) ON UPDATE CASCADE;
ALTER TABLE Équipe ADD CONSTRAINT UC_Équipe_Code_Pays FOREIGN KEY (Code_Pays) REFERENCES Pays (Code_Pays) ON UPDATE CASCADE;
ALTER TABLE Équipe ADD CONSTRAINT UC_Équipe_Sport FOREIGN KEY (ID_Sport) REFERENCES Sport (ID_Sport) ON UPDATE CASCADE;
ALTER TABLE Équipe ADD CONSTRAINT UC_Équipe_Entraîneur FOREIGN KEY (ID_Entraîneur) REFERENCES Entraîneur (ID_Entraîneur) ON UPDATE CASCADE;
ALTER TABLE Entraîneur ADD CONSTRAINT UC_Entraîneur_Équipe FOREIGN KEY (ID_Équipe) REFERENCES Équipe (ID_Équipe) ON UPDATE CASCADE;
ALTER TABLE Épreuve ADD CONSTRAINT UC_Épreuve_Sport FOREIGN KEY (ID_Sport) REFERENCES Sport (ID_Sport) ON UPDATE CASCADE;
ALTER TABLE Médaille ADD CONSTRAINT UC_Médaille_Épreuve FOREIGN KEY (ID_Épreuve) REFERENCES Épreuve (ID_Épreuve) ON UPDATE CASCADE;
ALTER TABLE Médaille ADD CONSTRAINT UC_Médaille_Athlète FOREIGN KEY (ID_Athlète) REFERENCES Athlète (ID_Athlète) ON UPDATE CASCADE;
ALTER TABLE Évènement ADD CONSTRAINT UC_Évènement_Épreuve FOREIGN KEY (ID_Épreuve) REFERENCES Épreuve (ID_Épreuve) ON UPDATE CASCADE;
ALTER TABLE Évènement ADD CONSTRAINT UC_Évènement_Site FOREIGN KEY (ID_Site) REFERENCES Site (ID_Site) ON UPDATE CASCADE;
ALTER TABLE Participer_Sport ADD CONSTRAINT UC_Participer_Sport_Sport FOREIGN KEY (ID_Sport) REFERENCES Sport (ID_Sport) ON UPDATE CASCADE;
ALTER TABLE Participer_Sport ADD CONSTRAINT UC_Participer_Sport_Pays FOREIGN KEY (Code_Pays) REFERENCES Pays (Code_Pays) ON UPDATE CASCADE;
ALTER TABLE Jouer_Dans ADD CONSTRAINT UC_Jouer_Dans_Équipe FOREIGN KEY (ID_Équipe) REFERENCES Équipe (ID_Équipe) ON UPDATE CASCADE;
ALTER TABLE Jouer_Dans ADD CONSTRAINT UC_Jouer_Dans_Athlète FOREIGN KEY (ID_Athlète) REFERENCES Athlète (ID_Athlète) ON UPDATE CASCADE;
ALTER TABLE Arbitrer ADD CONSTRAINT UC_Arbitre_Évènement FOREIGN KEY (ID_Évènement) REFERENCES Évènement (ID_Évènement) ON UPDATE CASCADE;
ALTER TABLE Arbitrer ADD CONSTRAINT UC_Arbitre_Arbitre FOREIGN KEY (ID_Arbitre) REFERENCES Arbitre (ID_Arbitre) ON UPDATE CASCADE;
ALTER TABLE Athlète_Participer_Évènement ADD CONSTRAINT UC_Athlète_Participer_Évènement_Évènement FOREIGN KEY (ID_Évènement) REFERENCES Évènement (ID_Évènement) ON UPDATE CASCADE;
ALTER TABLE Athlète_Participer_Évènement ADD CONSTRAINT UC_Athlète_Participer_Évènement_Athlète FOREIGN KEY (ID_Athlète) REFERENCES Athlète (ID_Athlète) ON UPDATE CASCADE;
ALTER TABLE Équipe_Participer_Évènement ADD CONSTRAINT UC_Équipe_Participer_Évènement_Évènement FOREIGN KEY (ID_Évènement) REFERENCES Évènement (ID_Évènement) ON UPDATE CASCADE;
ALTER TABLE Équipe_Participer_Évènement ADD CONSTRAINT UC_Équipe_Participer_Évènement_Équipe FOREIGN KEY (ID_Équipe) REFERENCES Équipe (ID_Équipe) ON UPDATE CASCADE;
ALTER TABLE Desservir ADD CONSTRAINT UC_Desservir_Transport FOREIGN KEY (ID_Transport) REFERENCES Transport (ID_Transport) ON UPDATE CASCADE;
ALTER TABLE Desservir ADD CONSTRAINT UC_Desservir_Site FOREIGN KEY (ID_Site) REFERENCES Site (ID_Site) ON UPDATE CASCADE;

-- Ajout de la contrainte Suppression en cascade
ALTER TABLE Athlète ADD CONSTRAINT DC_Athlète_Code_Pays FOREIGN KEY (Code_Pays) REFERENCES Pays (Code_Pays) ON DELETE CASCADE;
ALTER TABLE Équipe ADD CONSTRAINT DC_Équipe_Code_Pays FOREIGN KEY (Code_Pays) REFERENCES Pays (Code_Pays) ON DELETE CASCADE;
ALTER TABLE Équipe ADD CONSTRAINT DC_Équipe_Sport FOREIGN KEY (ID_Sport) REFERENCES Sport (ID_Sport) ON DELETE CASCADE;
ALTER TABLE Équipe ADD CONSTRAINT DC_Équipe_Entraîneur FOREIGN KEY (ID_Entraîneur) REFERENCES Entraîneur (ID_Entraîneur) ON DELETE CASCADE;
ALTER TABLE Entraîneur ADD CONSTRAINT DC_Entraîneur_Équipe FOREIGN KEY (ID_Équipe) REFERENCES Équipe (ID_Équipe) ON DELETE CASCADE;
ALTER TABLE Épreuve ADD CONSTRAINT DC_Épreuve_Sport FOREIGN KEY (ID_Sport) REFERENCES Sport (ID_Sport) ON DELETE CASCADE;
ALTER TABLE Médaille ADD CONSTRAINT DC_Médaille_Épreuve FOREIGN KEY (ID_Épreuve) REFERENCES Épreuve (ID_Épreuve) ON DELETE CASCADE;
ALTER TABLE Médaille ADD CONSTRAINT DC_Médaille_Athlète FOREIGN KEY (ID_Athlète) REFERENCES Athlète (ID_Athlète) ON DELETE CASCADE;
ALTER TABLE Évènement ADD CONSTRAINT DC_Évènement_Épreuve FOREIGN KEY (ID_Épreuve) REFERENCES Épreuve (ID_Épreuve) ON DELETE CASCADE;
ALTER TABLE Évènement ADD CONSTRAINT DC_Évènement_Site FOREIGN KEY (ID_Site) REFERENCES Site (ID_Site) ON DELETE CASCADE;
ALTER TABLE Participer_Sport ADD CONSTRAINT DC_Participer_Sport_Sport FOREIGN KEY (ID_Sport) REFERENCES Sport (ID_Sport) ON DELETE CASCADE;
ALTER TABLE Participer_Sport ADD CONSTRAINT DC_Participer_Sport_Pays FOREIGN KEY (Code_Pays) REFERENCES Pays (Code_Pays) ON DELETE CASCADE;
ALTER TABLE Jouer_Dans ADD CONSTRAINT DC_Jouer_Dans_Équipe FOREIGN KEY (ID_Équipe) REFERENCES Équipe (ID_Équipe) ON DELETE CASCADE;
ALTER TABLE Jouer_Dans ADD CONSTRAINT DC_Jouer_Dans_Athlète FOREIGN KEY (ID_Athlète) REFERENCES Athlète (ID_Athlète) ON DELETE CASCADE;
ALTER TABLE Arbitrer ADD CONSTRAINT DC_Arbitre_Évènement FOREIGN KEY (ID_Évènement) REFERENCES Évènement (ID_Évènement) ON DELETE CASCADE;
ALTER TABLE Arbitrer ADD CONSTRAINT DC_Arbitre_Arbitre FOREIGN KEY (ID_Arbitre) REFERENCES Arbitre (ID_Arbitre) ON DELETE CASCADE;
ALTER TABLE Athlète_Participer_Évènement ADD CONSTRAINT DC_Athlète_Participer_Évènement_Évènement FOREIGN KEY (ID_Évènement) REFERENCES Évènement (ID_Évènement) ON DELETE CASCADE;
ALTER TABLE Athlète_Participer_Évènement ADD CONSTRAINT DC_Athlète_Participer_Évènement_Athlète FOREIGN KEY (ID_Athlète) REFERENCES Athlète (ID_Athlète) ON DELETE CASCADE;
ALTER TABLE Équipe_Participer_Évènement ADD CONSTRAINT DC_Équipe_Participer_Évènement_Évènement FOREIGN KEY (ID_Évènement) REFERENCES Évènement (ID_Évènement) ON DELETE CASCADE;
ALTER TABLE Équipe_Participer_Évènement ADD CONSTRAINT DC_Équipe_Participer_Évènement_Équipe FOREIGN KEY (ID_Équipe) REFERENCES Équipe (ID_Équipe) ON DELETE CASCADE;
ALTER TABLE Desservir ADD CONSTRAINT DC_Desservir_Transport FOREIGN KEY (ID_Transport) REFERENCES Transport (ID_Transport) ON DELETE CASCADE;
ALTER TABLE Desservir ADD CONSTRAINT DC_Desservir_Site FOREIGN KEY (ID_Site) REFERENCES Site (ID_Site) ON DELETE CASCADE;


-- Insertion des tuples dans la table pays
INSERT INTO Pays (Code_Pays, Nom_Pays, Continent, Pays_Description) VALUES
('AFG', 'Afghanistan', 'Asie', 'Comité national olympique de la République islamique d’Afghanistan'),
('ALB', 'Albania', 'Asie', 'Comité national olympique albanais'),
('DZA', 'Algérie', 'Afrique', 'L’Algérie est le plus grand pays d’Afrique et possède une diversité culturelle et géographique remarquable.'),
('GER', 'Allemagne', 'Europe', 'Avec plus de 84 millions d’habitants, l’Allemagne est le pays le plus peuplé de l’Union européenne. Elle est une grande puissance politique5 et ses dirigeants politiques successifs sont parmi les personnalités politiques les plus influentes de l’Union européenne.'),
('ASM', 'American Samoa', 'Océanie', 'Les Samoa américaines sont un territoire non incorporé des États-Unis et sont situées dans le Pacifique Sud.'),
('AND', 'Andorre', 'Europe', 'L’Andorre est un petit État situé entre la France et l’Espagne, réputé pour son économie de services et son tourisme hivernal.'),
('AGO', 'Angola', 'Afrique', 'L’Angola est un pays d’Afrique australe connu pour ses vastes ressources naturelles et sa faune variée.'),
('ATG', 'Antigua-et-Barbuda', 'Amérique', 'Antigua-et-Barbuda est un État des Antilles, réputé pour ses plages et son industrie du tourisme.'),
('ARG', 'Argentine', 'Amérique', 'connue pour son tango et ses vastes paysages naturels.'),
('AUS', 'Australie', 'Océanie', 'connue pour sa faune unique et ses vastes espaces sauvages.'),
('AUT', 'Autriche', 'Europe', 'connue pour sa musique classique et ses montagnes pittoresques.'),
('BHS', 'Bahamas', 'Amérique', 'connues pour leurs plages de sable blanc et leur eau cristalline.'),
('BHR', 'Bahreïn', 'Asie', 'connu pour ses puits de pétrole et ses gratte-ciels modernes.'),
('BGD', 'Bangladesh', 'Asie', 'connu pour sa cuisine savoureuse et ses paysages fluviaux.'),
('ARM', 'Arménie', 'Asie', 'connue pour son histoire ancienne et sa riche culture.'),
('BRB', 'Barbade', 'Amérique', 'connue pour ses plages de sable fin et sa musique calypso.'),
('BEL', 'Belgique', 'Europe', 'connue pour ses chocolats, ses bières et ses villes pittoresques.'),
('BMU', 'Bermudes', 'Amérique', 'connues pour leurs plages de sable rose et leurs récifs coralliens.'),
('BTN', 'Bhoutan', 'Asie', 'connu pour ses montagnes majestueuses et sa philosophie bouddhiste de Bonheur National Brut.'),
('BOL', 'Bolivie (État plurinational de)', 'Amérique', 'connue pour ses hauts plateaux, ses ruines antiques et sa culture indigène.'),
('BIH', 'Bosnie-Herzégovine', 'Europe', 'connue pour ses paysages naturels, son histoire tourmentée et sa cuisine locale.'),
('BWA', 'Botswana', 'Afrique', 'connu pour ses vastes parcs nationaux, ses réserves de gibier et ses diamants.'),
('BRA', 'Brésil', 'Amérique', 'Le Brésil est le cinquième plus grand pays du monde en termes de superficie et de population. C’est une destination touristique populaire pour ses plages, ses forêts tropicales et ses événements culturels comme le Carnaval de Rio.'),
('BLZ', 'Belize', 'Amérique', 'Le Belize est un petit pays côtier situé entre le Mexique et le Guatemala. Il est connu pour ses plages de sable blanc, ses récifs coralliens et ses sites archéologiques mayas.'),
('BRN', 'Brunei Darussalam', 'Asie', 'connu pour ses vastes réserves de pétrole et de gaz naturel.'),
('BGR', 'Bulgaria', 'Europe', 'connu pour sa culture riche, son histoire mouvementée et ses stations balnéaires sur la mer Noire.'),
('MMR', 'Myanmar', 'Asie', 'connu pour ses temples bouddhistes, ses paysages naturels et ses minorités ethniques.'),
('BDI', 'Burundi', 'Afrique', 'connu pour ses collines verdoyantes, ses lacs et sa faune sauvage.'),
('KHM', 'Cambodia', 'Asie', 'connu pour ses temples d’Angkor, ses plages de sable blanc et sa cuisine locale.'),
('CMR', 'Cameroon', 'Afrique', 'connu pour sa biodiversité, sa musique et sa cuisine.'),
('CAN', 'Canada', 'Amérique', 'connu pour ses vastes paysages naturels, sa culture diversifiée et son système de santé public.'),
('CPV', 'Cap-vert', 'Afrique', 'Archipel volcanique et multiculturel'),
('CYM', 'Îles Caïmanes', 'Amerique', 'Paradis fiscal et destination touristique populaire'),
('CAF', 'République Centrafricaine', 'Afrique', 'Pays enclavé avec une grande diversité de cultures et de langues'),
('LKA', 'Sri Lanka', 'Asie', 'Pays insulaire avec une riche histoire et une culture bouddhiste'),
('TCD', 'Tchad', 'Afrique', 'Pays désertique avec une grande diversité culturelle et ethnique'),
('CHL', 'Chili', 'Amerique', 'Pays étroit et long avec une variété de paysages naturels et une forte culture du vin'),
('CHN', 'Chine', 'Asie', 'Le pays le plus peuplé du monde avec une longue histoire et une grande diversité culturelle'),
('TWN', 'Taïwan', 'Asie', 'Île avec une économie développée, une culture unique et une relation complexe avec la Chine'),
('COL', 'Colombie', 'Amerqie', 'Pays diversifié avec une riche culture et une grande biodiversité'),
('COM', 'Comoros', 'Afrique', 'Archipel volcanique avec une culture influencée par l’Afrique, l’Asie et la France'),
('MYT', 'Mayotte', 'Afrique', 'Île française avec une forte influence africaine'),
('COD', 'République du Congo', 'Afrique', 'Pays avec une grande diversité ethnique et culturelle'),
('CRI', 'Costa Rica', 'Amerique', 'Pays écologiquement diversifié avec une économie axée sur l’écotourisme'),
('HRV', 'Croatia', 'Europe', 'Pays avec une riche histoire et une côte de l’Adriatique prisée des touristes'),
('CUB', 'Cuba', 'Amerque', 'Pays socialiste avec une riche culture musicale et artistique'),
('CYP', 'Chypre', 'Europe', 'Chypre est une île de la Méditerranée orientale et fait partie de l’Union européenne.'),
('CZE', 'République Tchèque', 'Europe', 'La République tchèque est un pays d’Europe centrale connu pour sa belle architecture et sa bière.'),
('BEN', 'Bénin', 'Afrique', 'Le Bénin est un petit pays d’Afrique de l’Ouest connu pour son riche patrimoine culturel et historique.'),
('DNK', 'Danemark', 'Europe', 'Le Danemark est un pays scandinave connu pour ses paysages côtiers spectaculaires et sa qualité de vie.'),
('DMA', 'Dominique', 'Amérique', 'La Dominique est une petite île des Caraïbes connue pour sa beauté naturelle, ses plages de sable blanc et ses forêts tropicales.'),
('DOM', 'République Dominicaine', 'Amérique', 'La République dominicaine est un pays des Caraïbes connu pour ses plages de rêve, sa musique entraînante et sa riche culture.'),
('ECU', 'Équateur', 'Amérique', 'L’Équateur est un pays d’Amérique du Sud connu pour sa nature spectaculaire, notamment les Galapagos, les Andes et l’Amazonie.'),
('SLV', 'El Salvador', 'Amérique', 'El Salvador est un petit pays d’Amérique centrale connu pour ses volcans, ses plages et sa riche culture maya.'),
('GNQ', 'Guinée Équatoriale', 'Afrique', 'La Guinée équatoriale est un petit pays d’Afrique centrale riche en pétrole et en gaz.'),
('ETH', 'Éthiopie', 'Afrique', 'L’Éthiopie est un pays d’Afrique de l’Est connu pour ses paysages montagneux spectaculaires, son histoire ancienne et sa culture unique.'),
('ERI', 'Érythrée', 'Afrique', 'L’Érythrée est un petit pays d’Afrique de l’Est qui borde la mer Rouge et qui est connu pour ses paysages désertiques et son patrimoine historique.'),
('EST', 'Estonie', 'Europe', 'L’Estonie est un petit pays d’Europe du Nord connu pour sa technologie avancée, ses forêts luxuriantes et sa belle architecture médiévale.'),
('FJI', 'Fidji', 'Océanie', 'Les Fidji sont un archipel de l’océan Pacifique Sud connu pour ses plages de sable blanc, ses récifs de corail et sa culture polynésienne.'),
('FIN', 'Finlande', 'Europe', 'La Finlande est un pays nordique connu pour ses vastes forêts, ses lacs cristallins et ses aurores boréales.'),
('FRA','France','Europe','La France est un pays situé en Europe de l’Ouest.'),
('DJI', 'Djibouti', 'Afrique', 'Corne de l’Afrique - pays désertique et montagneux situé le long de la côte de la mer Rouge et du golfe d’Aden'),
('GAB', 'Gabon', 'Afrique', 'pays couvert de forêt équatoriale abritant une faune sauvage diversifiée'),
('GEO', 'Géorgie', 'Asie', 'pays de montagnes et de vallées, situé à la croisée des chemins entre l’Europe et l’Asie'),
('GMB', 'Gambie', 'Afrique', 'petit pays côtier enclavé dans le Sénégal, traversé par le fleuve Gambie'),
('PSE', 'Territoire Palestinien Occupé', 'Asie', 'territoires palestiniens occupés par Israël depuis 1967'),
('DEU', 'Allemagne', 'Europe', 'pays industrialisé et hautement développé, célèbre pour sa culture et son histoire'),
('GHA', 'Ghana', 'Afrique', 'pays côtier riche en ressources naturelles et en patrimoine culturel'),
('GIB', 'Gibraltar', 'Europe', 'territoire britannique d’outre-mer situé à l’extrémité sud de la péninsule ibérique'),
('KIR', 'Kiribati', 'Océanie', 'Micronésie - pays insulaire composé d’atolls et d’îles coralliennes, menacé par la montée des eaux'),
('GRC', 'Grèce', 'Europe', 'berceau de la civilisation occidentale, pays méditerranéen aux nombreuses îles'),
('GRD', 'Grenade', 'Amérique', 'petite île des Antilles aux plages de sable blanc et aux eaux turquoise'),
('GLP', 'Guadeloupe', 'Amérique', 'Guadeloupe est un département d’outre-mer français situé dans les Caraïbes.'),
('GUM', 'Guam', 'Océanie', 'Guam est un territoire non incorporé des États-Unis situé dans l’océan Pacifique occidental.'),
('GTM', 'Guatemala', 'Amérique', 'Le Guatemala est un pays d’Amérique centrale bordé à l’ouest et au nord-ouest par le Mexique.'),
('GIN', 'Guinea', 'Afrique', 'La Guinée est un pays de l’Afrique de l’Ouest bordé à l’ouest par l’océan Atlantique.'),
('GUY', 'Guyana', 'Amérique', 'Le Guyana est un pays d’Amérique du Sud bordé à l’est par le Suriname.'),
('HTI', 'Haïti', 'Amérique', 'Haïti est un pays des Caraïbes situé sur l’île d’Hispaniola.'),
('HND', 'Honduras', 'Amérique', 'Le Honduras est un pays d’Amérique centrale bordé au nord par la mer des Caraïbes.'),
('HKG', 'Hong-Kong', 'Asie', 'Hong-Kong est une région administrative spéciale de la République populaire de Chine.'),
('HUN', 'Hongrie', 'Europe', 'La Hongrie est un pays d’Europe centrale bordé au nord par la Slovaquie.'),
('ISL', 'Islande', 'Europe', 'L’Islande est un pays insulaire situé entre l’océan Atlantique et l’océan Arctique.'),
('IND', 'Inde', 'Asie', 'L’Inde est un pays d’Asie du Sud bordé par le Pakistan, la Chine et le Népal.'),
('IDN', 'Indonésie', 'Asie', 'L’Indonésie est un pays d’Asie du Sud-Est composé de milliers d’îles.'),
('IRN', 'République Islamique d’Iran', 'Asie', 'L’Iran est un pays d’Asie de l’Ouest bordé par l’Irak, la Turquie et le Pakistan.'),
('IRQ', 'Iraq', 'Asie', 'L’Iraq est un pays d’Asie de l’Ouest bordé par la Turquie, l’Iran et le Koweït.'),
('IRL', 'Irlande', 'Europe', 'L’Irlande est un pays insulaire situé à l’ouest de la Grande-Bretagne.'),
('ISR', 'Israël', 'Asie', 'Israël est un pays du Moyen-Orient situé sur la côte orientale de la mer Méditerranée.'),
('ITA', 'Italie', 'Europe', 'L’Italie est un pays du sud de l’Europe, bordé par la mer Méditerranée à l’ouest et le Adriatique à l’est.'),
('CIV', 'Côte d’Ivoire', 'Afrique', 'La Côte d’Ivoire est un pays d’Afrique de l’Ouest bordé par le Libéria, la Guinée, le Mali, le Burkina Faso et le Ghana.'),
('JAM', 'Jamaïque', 'Amérique', 'La Jamaïque est une île des Caraïbes située au sud de Cuba et à l’ouest de la République dominicaine.'),
('JPN', 'Japon', 'Asie', 'Le Japon est un pays insulaire d’Asie de l’Est, situé dans l’océan Pacifique.'),
('KAZ', 'Kazakhstan', 'Asie', 'Le Kazakhstan est un pays d’Asie centrale et le plus grand pays enclavé du monde.'),
('JOR', 'Jordanie', 'Asie', 'La Jordanie est un pays du Moyen-Orient bordé par l’Arabie saoudite, l’Irak, la Syrie, Israël et la mer Rouge.'),
('KEN', 'Kenya', 'Afrique', 'Le Kenya est un pays d’Afrique de l’Est bordé par la Tanzanie au sud, l’Ouganda à l’ouest, le Soudan du Sud au nord-ouest, l’Éthiopie à l’est et la Somalie à l’est.'),
('PRK', 'République populaire démocratique de Corée', 'Asie', 'La République populaire démocratique de Corée, communément appelée Corée du Nord, est un pays d’Asie de l’Est.'),
('KOR', 'République de Corée', 'Asie', 'La République de Corée, communément appelée Corée du Sud, est un pays d’Asie de l’Est.'),
('KWT', 'Koweït', 'Asie', 'Le Koweït est un petit pays du Moyen-Orient bordé par l’Arabie saoudite au sud et l’Irak au nord.'),
('KGZ', 'Kirghizistan', 'Asie', 'Le Kirghizistan est un petit pays d’Asie centrale bordé par le Kazakhstan au nord, la Chine à l’est, le Tadjikistan au sud-ouest et l’Ouzbékistan à l’ouest.'),
('LAO', 'République démocratique populaire lao', 'Asie', 'La République démocratique populaire lao, communément appelée Laos, est un petit pays d’Asie du Sud-Est.'),
('LBN', 'Liban', 'Asie', 'Le Liban est un petit pays situé au Moyen-Orient, bordé par la Méditerranée à l’ouest et partageant des frontières avec la Syrie au nord et à l’est, et avec Israël au sud.'),
('LSO', 'Lesotho', 'Afrique', 'Le Lesotho est un petit pays enclavé en Afrique australe, complètement entouré par l’Afrique du Sud.'),
('LVA', 'Lettonie', 'Europe', 'La Lettonie est un petit pays situé dans le nord de l’Europe, sur les rives de la mer Baltique.'),
('LBR', 'Libéria', 'Afrique', 'Le Libéria est un pays d’Afrique de l’Ouest, bordé par la Sierra Leone à l’ouest, la Guinée au nord et la Côte d’Ivoire à l’est.'),
('LBY', 'Libye', 'Afrique', 'La Libye est un pays d’Afrique du Nord, bordé par la mer Méditerranée à l’ouest, l’Égypte à l’est, le Soudan au sud-est, le Tchad au sud, le Niger au sud-ouest et l’Algérie à l’ouest.'),
('LIE', 'Liechtenstein', 'Europe', 'Le Liechtenstein est un petit pays situé en Europe centrale, entre la Suisse et l’Autriche.'),
('LTU', 'Lituanie', 'Europe', 'La Lituanie est un petit pays situé dans le nord de l’Europe, sur les rives de la mer Baltique.'),
('LUX', 'Luxembourg', 'Europe', 'Le Luxembourg est un petit pays enclavé en Europe occidentale, bordé par la Belgique, la France et l’Allemagne.'),
('MDG', 'Madagascar', 'Afrique', 'Madagascar est une grande île située au large de la côte est de l’Afrique.'),
('MWI', 'Malawi', 'Afrique', 'Le Malawi est un petit pays enclavé en Afrique australe, bordé par la Tanzanie au nord et à l’est, le Mozambique au sud et à l’ouest et la Zambie à l’ouest.'),
('MYS', 'Malaisie', 'Asie', 'La Malaisie est un pays d’Asie du Sud-Est, constitué de la péninsule malaise et d’une partie de l’île de Bornéo. Elle est bordée par la Thaïlande au nord, l’Indonésie à l’ouest et le Brunei et Singapour au nord.'),
('MDV', 'Maldives', 'Asie', 'Maldives, un petit pays insulaire de l’océan Indien, est célèbre pour ses plages de sable blanc, ses eaux cristallines et sa riche vie marine. C’est une destination populaire pour la plongée, le snorkeling et la détente.'),
('MLI', 'Mali', 'Afrique', 'Le Mali, situé en Afrique de l’Ouest, est un pays enclavé principalement désertique et semi-aride. Il abrite des sites historiques et culturels importants, notamment les anciennes mosquées de Tombouctou.'),
('MLT', 'Malte', 'Europe', 'Malte est un petit État insulaire situé en mer Méditerranée, connu pour ses sites historiques, ses plages de sable et son climat chaud toute l’année.'),
('MTQ', 'Martinique', 'Amérique', 'La Martinique est une île française située dans les Caraïbes, connue pour sa culture créole, ses plages de sable noir et ses paysages volcaniques.'),
('MRT', 'Mauritania', 'Afrique', 'La Mauritanie est un pays situé en Afrique de l’Ouest, principalement désertique et semi-aride. Elle est connue pour son peuple nomade, ses sites archéologiques et son parc national du Banc d’Arguin.'),
('MUS', 'Mauritius', 'Afrique', 'Maurice est une île située dans l’océan Indien, connue pour ses plages de sable blanc, ses récifs de corail et sa biodiversité unique.'),
('MEX', 'Mexico', 'Amérique', 'Le Mexique est un pays d’Amérique du Nord connu pour ses sites archéologiques mayas et aztèques, sa gastronomie, ses plages et sa culture colorée.'),
('MCO', 'Monaco', 'Europe', 'Monaco est un petit État situé en Europe du Sud, connu pour son casino, sa principauté et son Grand Prix de Formule 1.'),
('MNG', 'Mongolia', 'Asie', 'La Mongolie est un pays d’Asie centrale connu pour ses vastes étendues de steppes, ses paysages montagneux et son riche patrimoine culturel.'),
('MAR', 'Maroc', 'Afrique', 'Le Maroc est un pays situé en Afrique du Nord, connu pour sa culture arabo-berbère, son architecture islamique, sa cuisine et ses paysages variés.'),
('MOZ', 'Mozambique', 'Afrique', 'Mozambique est un pays d’Afrique australe connu pour ses belles plages et sa faune diversifiée.'),
('OMN', 'Oman', 'Asie', 'Oman est un pays d’Asie occidentale célèbre pour ses montagnes et ses paysages désertiques.'),
('NAM', 'Namibie', 'Afrique', 'La Namibie est un pays d’Afrique australe connu pour ses paysages spectaculaires, notamment le désert du Namib et le parc national d’Etosha.'),
('NRU', 'Nauru', 'Océanie', 'Nauru est une petite île de l’Océanie connue pour ses plages de sable blanc et son environnement marin unique.'),
('NPL', 'Népal', 'Asie', 'Le Népal est un pays de l’Himalaya connu pour ses paysages montagneux et sa culture bouddhiste.'),
('NLD', 'Pays-Bas', 'Europe', 'Les Pays-Bas sont un pays d’Europe occidentale connu pour ses moulins à vent, ses tulipes et ses canaux.'),
('ABW', 'Aruba', 'Amérique', 'Aruba est une petite île des Caraïbes, située au large de la côte du Venezuela. Elle est un territoire autonome des Pays-Bas depuis 1986.'),
('NCL', 'Nouvelle-Calédonie', 'Océanie', 'La Nouvelle-Calédonie est un territoire français d’outre-mer situé dans le Pacifique Sud, composé d’une grande île principale et d’autres petites îles. Elle a un statut spécial de collectivité sui generis.'),
('VUT', 'Vanuatu', 'Océanie', 'Le Vanuatu est un archipel de l’Océanie situé dans le sud-ouest de l’océan Pacifique. Il est composé de 83 îles, dont une soixantaine sont habitées. Le Vanuatu est un État indépendant depuis 1980.'),
('NZL', 'Nouvelle-Zélande', 'Océanie', 'La Nouvelle-Zélande est un pays insulaire d’Océanie, situé dans le sud-ouest de l’océan Pacifique. Elle est composée de deux îles principales, l’île du Nord et l’île du Sud, ainsi que de nombreuses autres petites îles.'),
('NIC', 'Nicaragua', 'Amérique', 'Le Nicaragua est un pays d’Amérique centrale bordé à l’ouest par le Costa Rica et à l’est par le Honduras. Il est bordé au sud par l’océan Pacifique et au nord par la mer des Caraïbes.'),
('NER', 'Niger', 'Afrique', 'Le Niger est un pays d’Afrique de l’Ouest, bordé à l’ouest par le Mali, au nord par l’Algérie et la Libye, à l’est par le Tchad et le Nigeria, et au sud par le Bénin et le Burkina Faso.'),
('NGA', 'Nigéria', 'Afrique', 'Le Nigéria est le pays le plus peuplé d’Afrique'),
('NOR', 'Norvège', 'Europe', 'La Norvège est un pays scandinave connu pour ses fjords et ses aurores boréales'),
('PLW', 'Palaos', 'Océanie', 'Les Palaos sont un petit État insulaire de la Micronésie connu pour ses lagons et ses îles coralliennes'),
('PAK', 'Pakistan', 'Asie', 'Le Pakistan est un pays d’Asie du Sud connu pour son patrimoine culturel et ses paysages montagneux'),
('PAN', 'Panama', 'Amérique', 'Le Panama est un pays d’Amérique centrale célèbre pour son canal et sa biodiversité tropicale'),
('PNG', 'Papouasie', 'Océanie', 'La Papouasie-Nouvelle-Guinée est un État insulaire de la Mélanésie connu pour sa culture traditionnelle et sa biodiversité'),
('PRY', 'Paraguay', 'Amérique', 'Le Paraguay est un pays situé en Amérique du Sud, connu pour sa culture guarani, sa production de yerba maté et son histoire riche en conflits territoriaux.'),
('PER', 'Pérou', 'Amérique', 'Le Pérou est un pays d’Amérique du Sud connu pour sa riche histoire précolombienne, son incroyable patrimoine culturel et ses paysages spectaculaires.'),
('PHL', 'Philippines', 'Asie', 'Les Philippines sont un archipel situé en Asie du Sud-Est, connu pour ses plages magnifiques, ses sites de plongée sous-marine de renommée mondiale et ses paysages naturels.'),
('POL', 'Pologne', 'Europe', 'La Pologne est un pays d’Europe centrale, connu pour sa riche histoire, sa cuisine délicieuse et sa magnifique architecture.'),
('PRT', 'Portugal', 'Europe', 'Le Portugal est un pays situé en Europe du Sud-Ouest, connu pour ses magnifiques plages, son architecture gothique et son fameux vin de Porto.'),
('GNB', 'Guinée-Bissau', 'Afrique', 'La Guinée-Bissau est un petit pays situé en Afrique de l’Ouest, connu pour ses magnifiques plages, ses parcs nationaux et sa riche histoire.'),
('PRI', 'Porto Rico', 'Amérique', 'Porto Rico est un territoire non incorporé des États-Unis situé dans les Caraïbes, connu pour ses plages de sable blanc, sa culture musicale et son histoire riche.'),
('QAT', 'Qatar', 'Asie', 'Le Qatar est un petit pays situé en Asie de l’Ouest, connu pour ses gratte-ciel modernes, ses plages de sable blanc et sa riche histoire.'),
('ROU', 'Roumanie', 'Europe', 'La Roumanie est un pays d’Europe centrale et orientale, connu pour ses forêts épaisses, ses châteaux médiévaux et ses stations thermales.'),
('RUS', 'Fédération de Russie', 'Asie', 'La Fédération de Russie est le plus grand pays du monde, situé à cheval sur l’Asie et l’Europe, connue pour son histoire riche et sa culture unique.'),
('RWA', 'Rwanda', 'Afrique', 'Le Rwanda est un petit pays d’Afrique centrale connu pour son paysage montagneux, sa faune rare et son histoire tourmentée.'),
('LCA', 'Saint Lucia', 'Amérique', 'Sainte-Lucie est une petite île des Caraïbes connue pour ses plages de sable fin, ses montagnes pittoresques et sa cuisine créole.'),
('SPM', 'Saint-Pierre et Miquelon', 'Amérique', 'Saint-Pierre-et-Miquelon est un petit archipel français situé dans l’océan Atlantique Nord, connu pour son atmosphère européenne et ses paysages naturels.'),
('VCT', 'Saint-Vincent-et-les Grenadines', 'Amérique', 'Saint-Vincent-et-les Grenadines est un petit État insulaire des Caraïbes connu pour ses plages de sable blanc, ses montagnes luxuriantes et sa culture créole.'),
('SMR', 'Saint-Marin', 'Europe', 'Saint-Marin est un petit État enclavé en Italie, connu pour son atmosphère médiévale, ses collines pittoresques et ses forts historiques.'),
('STP', 'Sao Tomé-et-Principe', 'Afrique', 'Sao Tomé-et-Principe est un petit État insulaire d’Afrique centrale, connu pour ses plages isolées, sa faune et sa flore tropicales, et son histoire coloniale.'),
('SAU', 'Arabie Saoudite', 'Asie', 'L’Arabie Saoudite est un pays du Moyen-Orient connu pour ses villes modernes, ses sites religieux importants et ses vastes déserts.'),
('SEN', 'Sénégal', 'Afrique', 'Le Sénégal est un pays d’Afrique de l’Ouest connu pour ses plages, sa musique, sa culture et sa faune variée.'),
('SYC', 'Seychelles', 'Afrique', 'Les Seychelles sont un petit État insulaire de l’océan Indien, connu pour ses plages de sable blanc, ses eaux cristallines, sa faune marine et sa nature préservée.'),
('SLE', 'Sierra Leone', 'Afrique', 'La Sierra Leone est un pays d’Afrique de l’Ouest connu pour ses plages de sable blanc, sa culture, sa faune et sa flore variées, ainsi que pour son histoire complexe.'),
('SGP', 'Singapour', 'Asie', 'Singapour est un pays d’Asie du Sud-Est qui est connu pour son économie développée, son architecture moderne, sa diversité culturelle et ses magnifiques jardins.'),
('SVK', 'Slovaquie', 'Europe', 'La Slovaquie est un pays d’Europe centrale connu pour ses montagnes, ses châteaux, son architecture médiévale et son riche patrimoine culturel.'),
('VNM', 'Viet Nam', 'Asie', 'Le Viet Nam est un pays d’Asie du Sud-Est connu pour ses paysages pittoresques, sa cuisine délicieuse, son histoire riche et sa culture unique.'),
('SVN', 'Slovénie', 'Europe', 'La Slovénie est un petit pays d’Europe centrale connu pour ses magnifiques paysages naturels, ses châteaux médiévaux, ses stations thermales et son vin délicieux.'),
('SOM', 'Somalie', 'Afrique', 'La Somalie est un pays de la Corne de l’Afrique qui est connu pour ses plages magnifiques, sa faune sauvage diverse et sa culture fascinante.'),
('ZAF', 'Afrique du Sud', 'Afrique', 'L’Afrique du Sud est un pays d’Afrique australe connu pour sa diversité culturelle, ses parcs nationaux, ses réserves de gibier, ses plages et sa cuisine délicieuse.'),
('ZWE', 'Zimbabwe', 'Afrique', 'Le Zimbabwe est un pays d’Afrique australe connu pour ses paysages spectaculaires, ses parcs nationaux, sa faune sauvage, ses chutes d’eau et sa riche histoire.'),
('ESP', 'Espagne', 'Europe', 'L’Espagne est un pays d’Europe du Sud connu pour ses magnifiques plages, ses villes historiques, son architecture impressionnante et sa délicieuse cuisine.'),
('ESH', 'Sahara Occidental', 'Afrique', 'Le Sahara Occidental est un territoire disputé en Afrique du Nord-Ouest qui est connu pour ses paysages désertiques, ses dunes de sable, ses nomades et sa culture berbère.'),
('SDN', 'Soudan', 'Afrique', 'Le Soudan est un pays d’Afrique du Nord-Est connu pour ses pyramides, son histoire ancienne, sa culture riche et sa beauté naturelle.'),
('SUR', 'Suriname', 'Amérique', 'Le Suriname est un petit pays d’Amérique du Sud qui est connu pour sa forêt tropicale, sa biodiversité, sa cuisine créole et sa culture unique.'),
('SJM', 'Svalbard etÎle Jan Mayen', 'Europe', 'Le Svalbard et l’île Jan Mayen sont des territoires de l’Arctique qui sont connus pour leur beauté naturelle, leur faune sauvage et leur climat extrême.'),
('SWZ', 'Swaziland', 'Afrique', 'Le Swaziland est un petit pays enclavé d’Afrique australe connu pour ses réserves naturelles et ses parcs nationaux.'),
('SWE', 'Suède', 'Europe', 'La Suède est un pays scandinave d’Europe du Nord connu pour ses paysages naturels magnifiques, sa culture innovante et son mode de vie équilibré.'),
('CHE', 'Suisse', 'Europe', 'La Suisse est un pays alpin d’Europe centrale connu pour ses montagnes, son chocolat, ses montres et sa neutralité politique.'),
('SYR', 'République Arabe Syrienne', 'Asie', 'La République Arabe Syrienne est un pays du Moyen-Orient connu pour son riche patrimoine culturel et historique.'),
('TJK', 'Tadjikistan', 'Asie', 'Le Tadjikistan est un petit pays d’Asie centrale connu pour ses paysages montagneux, ses lacs et ses rivières.'),
('THA', 'Thaïlande', 'Asie', 'La Thaïlande est un pays d’Asie du Sud-Est connu pour ses temples bouddhistes, ses plages de sable blanc et sa cuisine savoureuse.'),
('TGO', 'Togo', 'Afrique', 'Le Togo est un petit pays d’Afrique de l’Ouest connu pour ses marchés animés, sa culture vibrante et sa biodiversité.'),
('TKL', 'Tokelau', 'Océanie', 'Tokelau est un territoire insulaire de Nouvelle-Zélande situé dans le Pacifique Sud.'),
('TON', 'Tonga', 'Océanie', 'Les Tonga sont un archipel de l’océan Pacifique Sud connu pour leurs plages de sable blanc et leurs eaux cristallines.'),
('TTO', 'Trinité-et-Tobago', 'Amérique', 'Trinité-et-Tobago est un État insulaire des Caraïbes connu pour sa musique, sa cuisine et ses plages.'),
('ARE', 'Émirats Arabes Unis', 'Asie', 'Les Émirats Arabes Unis sont un État fédéral d’Asie de l’Ouest connu pour son architecture moderne, sa richesse pétrolière et sa diversité culturelle.'),
('TUN', 'Tunisie', 'Afrique', 'La Tunisie est un pays d’Afrique du Nord connu pour ses plages de sable fin, ses monuments historiques et sa cuisine épicée.'),
('TUR', 'Turquie', 'Asie', 'La Turquie est un pays situé à cheval entre l’Asie et l’Europe, connu pour ses sites historiques remarquables, sa cuisine savoureuse et son hospitalité.'),
('TKM', 'Turkménistan', 'Asie', 'Le Turkménistan est un pays d’Asie centrale connu pour ses monuments historiques, ses déserts et ses tapis traditionnels.'),
('TCA', 'Îles Turks et Caïques', 'Amérique', 'Les îles Turks et Caïques sont un archipel situé dans les Antilles, au sud des Bahamas. Elles sont connues pour leurs plages de sable blanc et leurs eaux turquoises.'),
('TUV', 'Tuvalu', 'Océanie', 'Tuvalu est un petit État insulaire situé dans l’océan Pacifique, entre Hawaï et l’Australie. Il est composé de neuf îles coralliennes et est menacé par la montée des eaux.'),
('UGA', 'Ouganda', 'Afrique', 'L’Ouganda est un pays d’Afrique de l’Est connu pour sa faune abondante, notamment les gorilles des montagnes. Il est également connu pour sa diversité culturelle, avec plus de 50 groupes ethniques.'),
('UKR', 'Ukraine', 'Europe', 'L’Ukraine est un pays d’Europe de l’Est, connu pour ses paysages variés, allant des montagnes des Carpates aux plaines fertiles de la steppe. Il est également connu pour ses églises et ses monastères orthodoxes.'),
('MKD', 'ex-République Yougoslave de Macédoine', 'Europe', 'La Macédoine du Nord est un petit pays des Balkans, situé entre la Grèce, l’Albanie, la Serbie et le Kosovo. Il est connu pour ses sites archéologiques, tels que la ville antique de Stobi.'),
('EGY', 'Égypte', 'Afrique', 'L’Égypte est un pays d’Afrique du Nord, connu pour ses pyramides antiques, ses temples et ses tombes. Il est également connu pour sa culture ancienne et son histoire fascinante.'),
('GBR', 'Royaume-Uni', 'Europe', 'Le Royaume-Uni est un pays d’Europe de l’Ouest, composé de l’Angleterre, de l’Écosse, du Pays de Galles et de l’Irlande du Nord. Il est connu pour sa culture riche et diversifiée, sa musique, sa cuisine et son architecture.'),
('IMN', 'Île de Man', 'Europe', 'L’Île de Man est un petit État insulaire situé entre l’Irlande et l’Angleterre. Il est connu pour son économie prospère, son patrimoine culturel et ses courses de moto.'),
('TZA', 'République-Unie de Tanzanie', 'Afrique', 'La Tanzanie est un pays d’Afrique de l’Est, connu pour ses parcs nationaux abritant des animaux sauvages tels que les lions, les éléphants et les girafes. Il est également connu pour le mont Kilimandjaro, la plus haute montagne d’Afrique.'),
('USA', 'États-Unis', 'Amérique', 'Les États-Unis sont le troisième pays le plus peuplé du monde et la plus grande économie nationale du monde. Ils sont situés en Amérique du Nord.'),
('VIR', 'Îles Vierges des États-Unis', 'Amérique', 'Les Îles Vierges des États-Unis sont un territoire non-incorporé des États-Unis, situé dans les Caraïbes.'),
('BFA', 'Burkina Faso', 'Afrique', 'Le Burkina Faso est un pays d’Afrique de l’Ouest connu pour sa riche culture et ses festivals.'),
('URY', 'Uruguay', 'Amérique', 'L’Uruguay est un petit pays d’Amérique du Sud connu pour ses plages, ses vins et sa viande.'),
('UZB', 'Ouzbékistan', 'Asie', 'L’Ouzbékistan est un pays d’Asie centrale avec une riche histoire et une culture unique.'),
('VEN', 'Venezuela', 'Amérique', 'Le Venezuela est un pays d’Amérique du Sud avec une diversité géographique étonnante, allant des montagnes aux plages.'),
('WLF', 'Wallis et Futuna', 'Océanie', 'Wallis et Futuna sont des territoires d’outre-mer de la France situés dans le Pacifique sud.'),
('WSM', 'Samoa', 'Océanie', 'Les Samoa sont un archipel de la Polynésie situé dans l’océan Pacifique.'),
('YEM', 'Yémen', 'Asie', 'Le Yémen est un pays de la péninsule arabique, avec une longue histoire et une culture riche.'),
('SCG', 'Serbie-et-Monténégro', 'Europe', 'La Serbie-et-Monténégro était un État de l’Europe du Sud, aujourd’hui remplacé par la Serbie et le Monténégro.'),
('ZMB', 'Zambie', 'Afrique', 'La Zambie est un pays d’Afrique australe connu pour ses parcs nationaux et sa faune incroyable.');


-- Insertion des tuples dans la table Athlète (Il s'agit d'exemples car La liste officiel n'est pas disponibe)
INSERT INTO Athlète (ID_Athlète, Nom_Athlète, Prenom_Athlète, Sexe_Athlète, Date_Naissance_Athlète, Lieu_Naissance_Athlète, Handicap_Athlète, Image_Athlète, Poids_Athlète, Taille_Athlète, Athlète_Biographie, Code_Pays) VALUES 
(1, 'Doe', 'John', 'Homme', '1990-01-01', 'New York', NULL, NULL, 80, 180, 'John Doe est un athlète talentueux des États-Unis.', 'USA'),
(2, 'Smith', 'Emily', 'Femme', '1992-05-12', 'Toronto', NULL, NULL, 60, 170, 'Emily Smith est une nageuse recordwoman du Canada.', 'CAN'),
(3, 'Garcia', 'Carlos', 'Homme', '1988-11-24', 'Madrid', NULL, NULL, 75, 185, 'Carlos Garcia est un compétiteur féroce sur le ring de boxe d’Espagne.', 'ESP'),
(4, 'Kim', 'Soo-Jin', 'Femme', '1995-02-08', 'Séoul', NULL, NULL, 55, 160, 'Soo-Jin Kim est une étoile montante dans le monde de la gymnastique de Corée du Sud.', 'KOR'),
(5, 'Jones', 'Michael', 'Homme', '1993-09-18', 'Londres', NULL, NULL, 85, 190, 'Michael Jones est un sprinter talentueux du Royaume-Uni.', 'GBR'),
(6, 'Nguyen', 'Van', 'Homme', '1991-06-30', 'Hanoï', NULL, NULL, 70, 175, 'Van Nguyen est un artiste martial compétent du Vietnam.', 'VNM'),
(7, 'Martinez', 'Luis', 'Homme', '1994-04-03', 'Mexico', NULL, NULL, 80, 180, 'Luis Martinez est un coureur prometteur du Mexique.', 'MEX'),
(8, 'Müller', 'Anna', 'Femme', '1996-08-22', 'Berlin', NULL, NULL, 65, 175, 'Anna Müller est une nageuse talentueuse d’Allemagne.', 'DEU'),
(9, 'Tanaka', 'Yuki', 'Femme', '1994-01-15', 'Tokyo', NULL, NULL, 55, 160, 'Yuki Tanaka est une judoka compétente du Japon.', 'JPN'),
(10, 'Santos', 'Maria', 'Femme', '1997-12-07', 'Rio de Janeiro', NULL, NULL, 60, 170, 'Maria Santos est une étoile montante dans le monde du beach-volley du Brésil.', 'BRA'),
(11, 'Chen', 'Wei', 'Homme', '1992-03-10', 'Pékin', NULL, NULL, 70, 180, 'Wei Chen est un joueur de basketball compétent de Chine.', 'CHN'),
(12, 'Perez', 'Miguel', 'Homme', '1989-09-05', 'Madrid', NULL, NULL, 75, 185, 'Miguel Perez est un joueur de football talentueux d’Espagne.', 'ESP'),
(13, 'Kim', 'Hyun-Ji', 'Femme', '1996-07-22', 'Séoul', NULL, NULL, 60, 170, 'Hyun-Ji Kim est une archère compétente de Corée du Sud.', 'KOR'),
(14, 'Wilson', 'Jessica', 'Femme', '1991-11-01', 'Londres', NULL, NULL, 55, 160, 'Jessica Wilson est une coureuse de fond rapide du Royaume-Uni.', 'GBR'),
(15, 'Tran', 'Linh', 'Homme', '1993-06-02', 'Hanoï', NULL, NULL, 75, 185, 'Linh Tran est un taekwondoïste compétent du Vietnam.', 'VNM'),
(16, 'Sanchez', 'Juan', 'Homme', '1990-12-12', 'Mexico', NULL, NULL, 80, 180, 'Juan Sanchez est un coureur prometteur du Mexique.', 'MEX'),
(17, 'Schmidt', 'Hans', 'Homme', '1995-02-14', 'Berlin', NULL, NULL, 85, 190, 'Hans Schmidt est un athlète polyvalent talentueux d’Allemagne.', 'DEU'),
(18, 'Kato', 'Takahiro', 'Homme', '1992-04-10', 'Tokyo', NULL, NULL, 75, 185, 'Takahiro Kato est un judoka compétent du Japon.', 'JPN'),
(19, 'Ferreira', 'Julia', 'Femme', '1996-10-05', 'Rio de Janeiro', NULL, NULL, 60, 170, 'Julia Ferreira est une surfeuse talentueuse du Brésil.', 'BRA'),
(20, 'Liu', 'Chang', 'Homme', '1993-05-11', 'Pékin', NULL, NULL, 70, 180, 'Chang Liu est un joueur de tennis de table compétent de Chine.', 'CHN'),
(21, 'Gomez', 'David', 'Homme', '1988-11-20', 'Madrid', NULL, NULL, 75, 185, 'David Gomez est un joueur de football compétent d’Espagne.', 'ESP'),
(22, 'Kim', 'Hae-Won', 'Femme', '1997-04-23', 'Séoul', NULL, NULL, 55, 160, 'Hae-Won Kim est une patineuse de vitesse compétente de Corée du Sud.', 'KOR'),
(23, 'Gonzalez', 'Carlos', 'Homme', '1994-01-15', 'Santiago', NULL, NULL, 70, 180, 'Carlos Gonzalez est un athlète chilien de ski de fond compétent.', 'CHL'),
(24, 'Olsen', 'Sofia', 'Femme', '1996-08-03', 'Oslo', NULL, NULL, 60, 175, 'Sofia Olsen est une athlète norvégienne de biathlon compétente.', 'NOR'),
(25, 'Bauer', 'Jakub', 'Homme', '1995-03-22', 'Nové Mesto na Morave', NULL, NULL, 73, 183, 'Jakub Bauer est un athlète tchèque de biathlon compétent.', 'CZE'),
(26, 'Liu', 'Xinyu', 'Femme', '1993-12-02', 'Harbin', NULL, NULL, 58, 167, 'Xinyu Liu est une athlète chinoise de ski alpin compétente.', 'CHN'),
(27, 'Lefèvre', 'Antoine', 'Homme', '1997-11-07', 'Chambéry', NULL, NULL, 68, 178, 'Antoine Lefèvre est un athlète français de ski alpin compétent.', 'FRA'),
(28, 'Tanaka', 'Yuto', 'Homme', '1996-09-10', 'Sapporo', NULL, NULL, 62, 172, 'Yuto Tanaka est un athlète japonais de ski de fond compétent.', 'JPN'),
(29, 'Lopez', 'Maria', 'Femme', '1998-06-16', 'Barcelone', NULL, NULL, 53, 163, 'Maria Lopez est une athlète espagnole de snowboard compétente.', 'ESP'),
(30, 'Kaminski', 'Adam', 'Homme', '1995-04-18', 'Zakopane', NULL, NULL, 75, 188, 'Adam Kaminski est un athlète polonais de biathlon compétent.', 'POL'),
(31, 'Müller', 'Anna', 'Femme', '1997-02-25', 'Innsbruck', NULL, NULL, 57, 170, 'Anna Müller est une athlète autrichienne de ski alpin compétente.', 'AUT'),
(32, 'Kim', 'Dong-Hyun', 'Homme', '1994-06-11', 'Gangneung', NULL, NULL, 69, 180, 'Dong-Hyun Kim est un athlète sud-coréen de patinage artistique compétent.', 'KOR'),
(33, 'Chen', 'Long', 'Homme', '1989-01-18', 'Shashi', NULL, NULL, 75, 187, 'Chen Long est un joueur de badminton chinois professionnel.', 'CHN'),
(34, 'Yego', 'Julius', 'Homme', '1989-01-04', 'Kapsabet', NULL, NULL, 85, 190, 'Julius Yego est un athlète kényan spécialisé dans le lancer du javelot.', 'KEN'),
(35, 'Tan', 'Ya-Ting', 'Femme', '1993-06-16', 'Kaohsiung', NULL, NULL, 59, 166, 'Tan Ya-Ting est une archère nigerienne qui a remporté une médaille de bronze aux Jeux olympiques de Rio 2016.', 'NER'),
(36, 'Goberville', 'Céline', 'Femme', '1983-01-13', 'Strasbourg', NULL, NULL, 56, 166, 'Céline Goberville est une tireuse sportive française qui a participé aux Jeux olympiques de 2012 et de 2016.', 'FRA'),
(37, 'Chen', 'Aisen', 'Homme', '1995-05-11', 'Nantong', NULL, NULL, 63, 167, 'Chen Aisen est un plongeur chinois qui a remporté deux médailles d’or aux Jeux olympiques d’été de 2016.', 'CHN'),
(38, 'Le', 'Chong Wei', 'Homme', '1982-10-21', 'Georgetown', NULL, NULL, 70, 175, 'Lee Chong Wei est un joueur de badminton malaisien qui a remporté trois médailles d’argent olympiques consécutives dans la catégorie simple masculine.', 'MYS'),
(39, 'Froome', 'Christopher', 'Homme', '1985-05-20', 'Nairobi', NULL, NULL, 69, 186, 'Christopher Froome est un cycliste britannique professionnel qui a remporté le Tour de France à quatre reprises.', 'GBR'),
(40, 'Liu', 'Hong', 'Femme', '1987-02-14', 'Chongqing', NULL, NULL, 49, 160, 'Liu Hong est une marcheuse chinoise qui a remporté une médaille d’or aux Jeux olympiques de Rio 2016.', 'CHN');


-- Insertion des tuples dans la table Sport
INSERT INTO Sport (ID_Sport, Nom_Sport, Catégorie_Sport, Handicap_Sport, Date_Création, Saison_Sport, Sport_Description) VALUES
(1, 'Athlétisme', 'Individuel', NULL, '1896-01-01', 'Été', 'L’athlétisme est le sport le plus ancien dont nous avons des traces, puisqu’il apparaît dès les Jeux Olympiques de l’Antiquité. Les Jeux Olympiques antiques comprennent des épreuves telles que des courses à pied et un pentathlon composé d’épreuves s’apparentant à une course, un saut en longueur, un lancer de disque, de la lutte et un lancer de javelot.'),
(2, 'Aviron', 'Collectif', NULL, '1896-01-01', 'Été', 'L’aviron était à l’origine un moyen de transport utilisé en Egypte ancienne ainsi qu’en Grèce et en Rome antiques. Ce n’est qu’entre la fin du 17e siècle et le début du 18e, en Angleterre, que la pratique de l’aviron devient sportive. La première grande compétition d’aviron est la célèbre course entre les universités Anglaises d’Oxford et Cambridge, dont la première édition date de 1828.'),
(3, 'Badminton', 'Individuel', NULL, '1992-01-01', 'Été', 'Jeu de raquettes avec un volant.'),
(4, 'Basketball', 'Collectif', NULL, '1936-01-01', 'Été', 'Jeu de balle avec deux équipes de cinq joueurs.'),
(5, 'Basketball 3x3', 'Collectif', NULL, '2007-01-01', 'Été', 'Matchs en équipes de 3 joueurs sur un demi-terrain.'),
(6, 'Boxe', 'Individuel', NULL, '1904-01-01', 'Été', 'Combat en face à face entre deux adversaires.'),
(7, 'Breaking', 'Individuel', NULL, '2024-01-01', 'Été', 'Danse de rue hip-hop avec des mouvements acrobatiques.'),
(8, 'Canoë-kayak', 'Individuel', NULL, '1936-01-01', 'Été', 'Course de bateaux à rames.'),
(9, 'Cyclisme sur piste', 'Les 2', NULL, '1896-01-01', 'Été', 'Course sur piste en bois inclinée avec des virages relevés.'),
(10, 'Cyclisme sur route', 'Les 2', NULL, '1896-01-01', 'Été', 'Course sur route ouverte avec différents niveaux de difficulté.'),
(11, 'BMX freestyle', 'Individuel', NULL, '1980-01-01', 'Été', 'Figures acrobatiques à vélo BMX sur un parcours avec des rampes et des obstacles.'),
(12, 'BMX racing', 'Individuel', NULL, '2008-01-01', 'Été', 'Course sur un parcours accidenté avec des obstacles à franchir.'),
(13, 'Moutain Bike (VTT)', 'Individuel', NULL, '1970-01-01', 'Été', 'Sport de descente ou de cross-country sur un parcours accidenté en terrain montagneux, avec un vélo tout-terrain.'),
(14, 'Escalade sportive', 'Individuel', NULL, '1985-01-01', 'Été', 'Discipline de montagne qui implique l’ascension de murs artificiels ou naturels, de rochers et de formations rocheuses à l’aide de techniques de grimpe.'),
(15, 'Escrime', 'Les 2', NULL, '1896-01-01', 'Été', 'Combat avec des épées.'),
(16, 'Football', 'Collectif', NULL, '1900-01-01', 'Été', 'Jeu de balle avec deux équipes de onze joueurs.'),
(17, 'Golf', 'Individuel', NULL, '1900-01-01', 'Été', 'Jeu de balle avec des clubs de golf.'),
(18, 'Gymnastique artistique', 'Individuel', NULL, '1896-01-01', 'Été', 'Sport qui implique la performance dexercices physiques exigeants, tels que des acrobaties, des sauts, des équilibres et des rotations, effectués sur différents appareils tels que les barres parallèles, le cheval de arçons, les anneaux, le soL, la poutre et la barre fixe.'),
(19, 'Gymnastique rythmique', 'Individuel', NULL, '1984-01-01', 'Été', 'Sport de gymnastique qui se concentre sur la performance dexercices chorégraphiés au rythme de la musique, avec lutilisation dengins tels que le cerceau, le ballon, le ruban, les massues et la corde.'),
(20, 'Haltérophilie', 'Individuel', NULL, '1896-01-01', 'Été', 'Soulevé de poids.'),
(21, 'Handball', 'Collectif', NULL, '1936-01-01', 'Été', 'Jeu de balle avec deux équipes de sept joueurs.'),
(22, 'Hockey', 'Collectif', NULL, '1908-01-01', 'Été', 'Jeu de balle sur gazon avec deux équipes de onze joueurs.'),
(23, 'Judo', 'Les 2', NULL, '1964-01-01', 'Été', 'Combat avec des techniques de projection et de soumission.'),
(24, 'Lutte', 'Individuel', NULL, NULL, 'Été', 'Combat rapproché entre deux adversaires.'),
(25, 'Natation', 'Individuel', NULL, '1896-01-01', 'Été', 'Course de nage dans différents styles.'),
(26, 'Natation artistique', 'Individuel', NULL, '1891-01-01', 'Été', 'Discipline de natation qui allie la natation, la danse et la gymnastique avec une musique de fond.'),
(27, 'Natation marathon', 'Individuel', NULL, '1875-01-01', 'Été', 'Compétition de natation de longue distance, généralement en eau libre.'),
(28, 'Plongeon', 'Individuel', NULL, '1904-01-01', 'Été', 'Discipline de natation qui implique des sauts acrobatiques depuis une plateforme ou un tremplin.'),
(29, 'Pentathlon moderne', 'Individuel', NULL, '1912-01-01', 'Été', 'Compétition composée de cinq épreuves.'),
(30, 'Rugby', 'Collectif', NULL, '1823-01-01', 'Été', 'Sport de contact physique qui se joue avec un ballon ovale. Deux équipes de 15 joueurs saffrontent pour marquer des points en portant ou en déposant le ballon dans la zone den-but de léquipe adverse.'),
(31, 'Skateboard', 'Individuel', NULL, '1950-01-01', 'Été', 'Sport de glisse qui consiste à faire des figures acrobatiques sur une planche à roulettes.'),
(32, 'Sports équestres', 'Les 2', NULL, '1900-01-01', 'Été', 'Un ensemble de sports qui impliquent des chevaux, tels que le saut dobstacles, le dressage et le concours complet.'),
(33, 'Surf', 'Individuel', NULL, '1769-01-01', 'Été', 'Sport de glisse qui consiste à surfer sur les vagues avec une planche de surf.'),
(34, 'Taekwondo', 'Individuel', NULL, '1955-01-01', 'Été', 'Art martial coréen qui se concentre sur les coups de pied, les coups de poing et les techniques de défense personnelle.'),
(35, 'Tennis', 'Les 2', NULL, '1896-01-01', 'Été', 'Jeu de raquettes avec une balle.'),
(36, 'Tennis de table', 'Les 2', NULL, '1988-01-01', 'Été', 'Jeu de raquettes avec une petite balle.'),
(37, 'Tir', 'Individuel', NULL, '1896-01-01', 'Été', 'Compétition de tir à la cible.'),
(38, 'Tir à l’arc', 'Individuel', NULL, '1900-01-01', 'Été', 'Sport individuel où les compétiteurs utilisent un arc et des flèches pour atteindre des cibles à différentes distances.'),
(39, 'Trampoline', 'Individuel', NULL, '1934-01-01', 'Été', 'Sport individuel qui consiste en une série de sauts et de figures acrobatiques effectués sur un trampoline.'),
(40, 'Triathlon', 'Les 2', NULL, '2000-01-01', 'Été', 'Course à pied, natation et cyclisme.'),
(41, 'Voile', 'Collectif', NULL, '1896-01-01', 'Été', 'Sport nautique qui consiste à naviguer sur l    eau en utilisant le vent pour propulser un bateau.'),
(42, 'Volleyball', 'Collectif', NULL, '1895-01-01', 'Été', 'Sport déquipe qui se joue avec un ballon et un filet. Deux équipes de six joueurs saffrontent pour faire passer le ballon au-dessus du filet et le faire toucher le sol dans le camp adverse.'),
(43, 'Volleyball Plage', 'Collectif', NULL, '1947-01-01', 'Été', 'Variante du volleyball se jouant sur du sable avec deux joueurs par équipe.'),
(44, 'Water-Polo', 'Collectif', NULL, '1877-01-01', 'Été', 'Jeu de ballon se jouant dans une piscine, opposant deux équipes de sept joueurs qui tentent de marquer des buts dans le but adverse.'),
(45, 'Basket fauteuil', 'Collectif', 'Paraplégie, tétraplégie ou assimilé, amputation ou assimilée, handicap physique entrainant une perte fonctionnelle.', '1936-01-01', 'Été', 'Jeu de balle avec deux équipes de 8 joueurs.'),
(46, 'Boccia', 'Les 2', 'Paralysie cérébrale et assimilée, atteinte sévère des quatre membres.', '1984-01-01', 'Été', 'La boccia est un sport de boule apparenté à la pétanque, d origine gréco-romaine. Elle est pratiquée par les personnes en situation de handicap en catégorie handisport.'),
(47, 'Escrime fauteuil', 'Les 2', 'Handicap orthopédique, paraplégie et tétraplégie, hémiplégie, paralysie cérébrale, handicap neurologique évolutif, handicap neurologique d’origine.', '1960-01-01', 'Été', 'Combat avec des épées sur fauteuil.'),
(48, 'Cécifoot', 'Collectif', 'Handicap visuel', '2004-01-01', 'Été', 'Jeu de balle avec deux équipes de onze joueurs atteint de cécité.'),
(49, 'Goalball', 'Collectif', 'Handicap visuel', '1946-01-01', 'Été', 'Jeu de balle avec deux équipes de trois joueurs atteint de cécité.'),
(50, 'Para Athlétisme', 'Individuel', 'Paraplégie, tétraplégie et assimilées, amputation et assimilée, handicap visuel et cécité, paralysie cérébrale, handicap intellectuel, personnes de petite taille.', '1952-01-01', 'Été', 'le Para athlétisme est ouvert à toutes les catégories de handicaps physiques, visuels et mentaux. Ce succès ne se fait pas démentir, car édition après édition, les para athlètes sont toujours plus nombreux aux Jeux Paralympiques.'),
(51, 'Para Aviron', 'Collectif', 'Handicap orthopédique, paraplégie et tétraplégie, hémiplégie, paralysie cérébrale, handicap d’origine neurologique, handicap visuel.', '2008-01-01', 'Été', 'L’aviron était à l’origine un moyen de transport utilisé en Egypte ancienne ainsi qu’en Grèce et en Rome antiques. Ce n’est qu’entre la fin du 17e siècle et le début du 18e, en Angleterre, que la pratique de l’aviron devient sportive. La première grande compétition d’aviron est la célèbre course entre les universités Anglaises d’Oxford et Cambridge, dont la première édition date de 1828.'),
(52, 'Para Badminton', 'Individuel', 'Handicap orthopédique, paraplégie et tétraplégie, hémiplégie, paralysie cérébrale, handicap neurologique évolutif, handicap d’origine neurologique.', '1995-01-01', 'Été', 'Jeu de raquettes avec un volant.'),
(53, 'Para Canoë', 'Individuel', 'Handicap orthopédique, paraplégie et tétraplégie, paralysie cérébrale, handicap neurologique évolutif, handicap d’origine neurologique.', '1936-01-01', 'Été', 'Course de bateaux à rames.'),
(54, 'Para Cyclisme sur piste', 'Les 2', 'Handicap visuel, amputation de membres supérieurs et/ou inférieurs et assimilées, handicap entrainant une perte fonctionnelle des membres supérieurs et/ou inférieurs (IMC, hémiplégie…).', '1996-01-01', 'Été', 'Course sur piste en bois inclinée avec des virages relevés.'),
(55, 'Para Cyclisme sur route', 'Les 2', 'Handicap visuel, amputation de membres supérieurs et/ou inférieurs et assimilées, handicap entrainant une perte fonctionnelle des membres supérieurs et/ou inférieurs (IMC, hémiplégie…).', '1980-01-01', 'Été', 'Course sur route ouverte avec différents niveaux de difficulté.'),
(56, 'Para équitation', 'Les 2', 'Handicap orthopédique, paraplégie et tétraplégie, hémiplégie, paralysie cérébrale, handicap neurologique évolutif, handicap neurologique d’origine, handicap visuel.', '1900-01-01', 'Été', 'Un ensemble de sports qui impliquent des chevaux, tels que le saut dobstacles, le dressage et le concours complet.'),
(57, 'Para powerlifting', 'Individuel', 'Paraplégie, tétraplégie et assimilées, amputations de membres inférieurs et assimilées, personnes de petite taille…', '1992-01-01', 'Été', 'Soulevé de poids.'),
(58, 'Para Judo', 'Les 2', 'Non-voyant et mal-voyant', '1988-01-01', 'Été', 'Combat avec des techniques de projection et de soumission.'),
(59, 'Para Natation', 'Individuel', 'Malvoyance et cécité, handicap intellectuel, tous les handicaps physiques entrainant une perte fonctionnelle.', '1960-01-01', 'Été', 'Course de nage dans différents styles.'),
(60, 'Para Taekwondo', 'Individuel', 'Handicap des membres supérieurs. Tous les athlètes concourant aux Jeux Paralympiques sont regroupés dans la catégorie K44.', '2005-01-01', 'Été', 'Art martial coréen qui se concentre sur les coups de pied, les coups de poing et les techniques de défense personnelle.'),
(61, 'Para Tennis de table', 'Les 2', 'Handicap physique (en fauteuil ou debout), handicap intellectuel.', '1960-01-01', 'Été', 'Jeu de raquettes avec une petite balle.'),
(62, 'Para Tir à l’arc', 'Individuel', 'Paraplégie, tétraplégie et assimilée, amputation et assimilée, infirmité motrice cérébrale et assimilée.', '1900-01-01', 'Été', 'Sport individuel où les compétiteurs utilisent un arc et des flèches pour atteindre des cibles à différentes distances.'),
(63, 'Para Tir Sportif', 'Individuel', 'Paraplégie et assimilée, tétraplégie et assimilée, handicap ou amputation d’un membre inférieur, amputation membre supérieur, hémiplégie, personnes de petite taille.', '1976-01-01', 'Été', 'Compétition de tir à la cible.'),
(64, 'Para Triathlon', 'Les 2', 'Handicaps fonctionnels (debout ou en fauteuil), malvoyance, cécité.', '2000-01-01', 'Été', 'Course à pied, natation et cyclisme.'),
(65, 'Rugby fauteuil', 'Collectif', 'handicap orthopédique, handicap neurologique, paralysie cérébrale, paraplégie et assimilée, tétraplégie et assimilée.', '2000-01-01', 'Été', 'Sport de contact physique qui se joue avec un ballon ovale. Deux équipes de 15 joueurs saffrontent pour marquer des points en portant ou en déposant le ballon dans la zone den-but de léquipe adverse.'),
(66, 'Tennis fauteuil', 'Les 2', 'Paraplégie, tétraplégie et assimilées, amputations de membres inférieurs et assimilées, handicap physique entrainant une perte fonctionnelle.', '1992-01-01', 'Été', 'Jeu de raquettes avec une balle.'),
(67, 'Volleyball assis', 'Collectif', 'Handicap orthopédique, hémiplégie, paralysie cérébrale, handicap neurologique évolutif.', '1943-01-01', 'Été', 'Sport déquipe qui se joue avec un ballon et un filet. Deux équipes de six joueurs saffrontent pour faire passer le ballon au-dessus du filet et le faire toucher le sol dans le camp adverse.');


-- Insertion des tuples dans la table Équipe (Il s'agit d'exemples, la liste officielle n'est pas disponible)
INSERT INTO Équipe (ID_Équipe, Nom_Équipe, Nombre_Athlètes, Code_Pays, ID_Sport, ID_Entraîneur) VALUES
(1, 'Équipe de France', 267, 'FRA', 1, NULL),
(2, 'Team USA', 554, 'USA', 2, NULL),
(3, 'Team Great Britain', 366, 'GBR', 3, NULL),
(4, 'Deutsche Mannschaft', 426, 'GER', 4, NULL),
(5, 'Italia Team', 307, 'ITA', 5, NULL),
(6, 'Team Canada', 314, 'CAN', 6, NULL),
(7, 'Team Australia', 422, 'AUS', 7, NULL),
(8, 'Team China', 416, 'CHN', 8, NULL),
(9, 'Team Japan', 335, 'JPN', 9, NULL),
(10, 'Team South Korea', 306, 'KOR', 10, NULL),
(11, 'Team USA', 558, 'USA', 1, NULL),
(12, 'Team China', 416, 'CHN', 1, NULL),
(13, 'Team Japan', 338, 'JPN', 1, NULL),
(14, 'Team Russia', 280, 'RUS', 1, NULL),
(15, 'Team Great Britain', 366, 'GBR', 1, NULL);


-- Insertion des tuples dans la table Entraîneur
INSERT INTO Entraîneur (ID_Entraîneur, Nom_Entraîneur, Prénom_Entraîneur, Date_Naissance_Entraîneur, Lieu_Naissance_Entraîneur, Sexe_Entraîneur, Nationalité_Entraîneur, Entraîneur_Biographie, Image_Entraîneur, ID_Équipe) VALUES
(1, 'Besson', 'Jean', '1960-01-14', 'Marseille', 'Homme', 'FRA', 'Jean Besson est un entraîneur français d’escrime qui a entraîné plusieurs athlètes médaillés olympiques.', NULL, 1),
(2, 'Torres', 'Miguel', '1966-06-03', 'Madrid', 'Homme', 'ESP', 'Miguel Torres est un entraîneur espagnol d’athlétisme spécialisé dans le saut en hauteur.', NULL, 2),
(3, 'Koch', 'Erika', '1972-07-30', 'Berlin', 'Femme', 'GER', 'Erika Koch est une entraîneure allemande de gymnastique artistique qui a entraîné plusieurs athlètes de haut niveau.', NULL, 3),
(4, 'Suzuki', 'Yutaka', '1965-09-01', 'Tokyo', 'Homme', 'JPN', 'Yutaka Suzuki est un entraîneur japonais de judo qui a entraîné plusieurs athlètes médaillés olympiques.', NULL, 4),
(5, 'Silva', 'Ricardo', '1957-03-12', 'Rio de Janeiro', 'Homme', 'BRA', 'Ricardo Silva est un entraîneur brésilien de beach-volley qui a entraîné plusieurs équipes médaillées olympiques.', NULL, 5),
(6, 'Park', 'Hyun-Joo', '1979-05-20', 'Séoul', 'Femme', 'KOR', 'Hyun-Joo Park est une entraîneure sud-coréenne de taekwondo qui a entraîné plusieurs athlètes médaillés olympiques.', NULL, 6),
(7, 'González', 'Joaquín', '1971-10-28', 'Barcelone', 'Homme', 'ARG', 'Joaquín González est un entraîneur argentin de hockey sur gazon qui a entraîné plusieurs équipes médaillées olympiques.', NULL, 7),
(8, 'Rogers', 'John', '1963-02-17', 'Londres', 'Homme', 'GBR', 'John Rogers est un entraîneur britannique d’aviron qui a entraîné plusieurs athlètes médaillés olympiques.', NULL, 8),
(9, 'Zhang', 'Xin', '1969-09-08', 'Pékin', 'Femme', 'CHN', 'Xin Zhang est une entraîneure chinoise de natation qui a entraîné plusieurs athlètes médaillés olympiques.', NULL, 9),
(10, 'Smith', 'John', '1975-02-01', 'New York', 'Homme', 'USA', 'John Smith est un entraîneur de basket-ball américain expérimenté. Il a travaillé avec plusieurs équipes de la NBA et a remporté de nombreux titres. Il est connu pour son approche disciplinée de l’entraînement et pour sa capacité à motiver ses joueurs.', NULL, 10),
(11, 'López', 'José', '1968-05-22', 'Madrid', 'Homme', 'ESP', 'José López est un entraîneur de football espagnol bien connu. Il a travaillé avec plusieurs équipes espagnoles de première division et a remporté plusieurs titres. Il est connu pour son approche tactique intelligente et sa capacité à transformer les équipes en machines de football bien huilées.', NULL, 11),
(12, 'Dubois', 'Sophie', '1980-11-07', 'Lyon', 'Femme', 'FRA', 'Sophie Dubois est une entraîneure de gymnastique française réputée. Elle a remporté de nombreux titres en tant qu’athlète et a ensuite poursuivi une carrière réussie en tant qu’entraîneure. Elle est connue pour sa rigueur et son dévouement envers ses athlètes, ainsi que pour sa capacité à tirer le meilleur parti de leurs capacités.', NULL, 12),
(13, 'Müller', 'Hans', '1965-08-12', 'Berlin', 'Homme', 'GER', 'Hans Müller est un entraîneur de natation allemand expérimenté. Il a travaillé avec plusieurs nageurs de classe mondiale et a aidé de nombreux athlètes à atteindre leur potentiel maximal. Il est connu pour son approche technique rigoureuse et sa capacité à analyser et à améliorer les mouvements de ses nageurs.', NULL, 13),
(14, 'Suzuki', 'Takeshi', '1972-03-14', 'Tokyo', 'Homme', 'JPN', 'Takeshi Suzuki est un entraîneur de judo japonais de renommée mondiale. Il a remporté de nombreux titres en tant qu’athlète et a ensuite poursuivi une carrière réussie en tant qu’entraîneur. Il est connu pour sa technique de judo exceptionnelle et sa capacité à transmettre ses connaissances et son expertise à ses athlètes.', NULL, 14),
(15, 'Klapisch', 'Philippe', '1957-04-30', 'Neuilly-sur-Seine', 'Homme', 'FRA', 'Philippe Klapisch est un entraîneur de natation français qui a travaillé avec de nombreux athlètes français de renom.', NULL, 15);


UPDATE Équipe SET ID_Entraîneur = ID_Équipe;

-- Insertion des tuples dans la table Arbitre (Il s'agit d'exemples car la liste officiel n'est pas disponible)
INSERT INTO Arbitre (ID_Arbitre, Nom_Arbitre, Prenom_Arbitre, Nationalité_Arbitre, Date_Naissance_Arbitre, Lieu_Naissance_Arbitre, Sexe_Arbitre, Arbitre_Biographie, Image_Arbitre) VALUES
(1, 'Smith', 'John', 'USA', '1980-05-01', 'New York', 'Homme', 'John Smith est un arbitre de basket-ball très respecté avec plus de 10 ans d’expérience.', NULL),
(2, 'Garcia', 'Maria', 'ESP', '1975-08-15', 'Barcelone', 'Femme', 'Maria Garcia a commencé sa carrière d’arbitre en 2002 et a été choisie pour les Jeux Olympiques de 2016 en raison de son excellent travail dans les compétitions précédentes.', NULL),
(3, 'Kim', 'Jin-Soo', 'COR', '1982-02-28', 'Séoul', 'Homme', 'Jin-Soo Kim est un arbitre de football de renommée internationale, ayant officié lors de plusieurs compétitions de haut niveau.', NULL),
(4, 'Silva', 'Fernanda', 'BRA', '1978-11-20', 'Rio de Janeiro', 'Femme', 'Fernanda Silva est une arbitre de beach volley chevronnée, ayant officié lors de plusieurs tournois majeurs dans le monde.', NULL),
(5, 'Nguyen', 'Trung', 'VIE', '1979-06-10', 'Hanoï', 'Homme', 'Trung Nguyen est un arbitre de badminton très expérimenté, ayant officié lors de nombreux événements internationaux.', NULL),
(6, 'Khan', 'Sana', 'PAK', '1984-03-17', 'Lahore', 'Femme', 'Sana Khan est une arbitre de hockey sur gazon passionnée, ayant officié lors de plusieurs compétitions de haut niveau.', NULL),
(7, 'Martinez', 'Antonio', 'MEX', '1973-09-03', 'Mexico', 'Homme', 'Antonio Martinez est un arbitre de boxe reconnu, ayant officié lors de nombreux combats professionnels.', NULL),
(8, 'Barnes', 'Karen', 'GBR', '1977-12-25', 'Londres', 'Femme', 'Karen Barnes est une arbitre de plongeon expérimentée, ayant officié lors de plusieurs compétitions internationales.', NULL),
(9, 'Ferrari', 'Riccardo', 'ITA', '1981-07-08', 'Milan', 'Homme', 'Riccardo Ferrari est un arbitre de tennis renommé, ayant officié lors de plusieurs tournois du Grand Chelem.', NULL),
(10, 'Wu', 'Jie', 'CHN', '1983-04-12', 'Shanghai', 'Homme', 'Jie Wu est un arbitre de gymnastique très expérimenté, ayant officié lors de nombreux événements internationaux.', NULL),
(11, 'Hernandez', 'Ana', 'CUB', '1976-01-30', 'La Havane', 'Femme', 'Ana Hernandez est une arbitre de taekwondo respectée, ayant officié lors de plusieurs compétitions de haut niveau.', NULL),
(12, 'Moussa', 'Ali', 'EGY', '1979-11-07', 'Le Caire', 'Homme', 'Ali Moussa est un arbitre de handball talentueux, ayant officié lors de plusieurs tournois internationaux.', NULL),
(13, 'Chen', 'Wei', 'TPE', '1986-08-22', 'Taipei', 'Femme', 'Wei Chen est une arbitre de tir à l’arc très compétente, ayant officié lors de plusieurs compétitions internationales.', NULL),
(14, 'Gonzalez', 'Pedro', 'ARG', '1980-02-14', 'Buenos Aires', 'Homme', 'Pedro Gonzalez est un arbitre de rugby très respecté, ayant officié lors de nombreux matchs internationaux.', NULL),
(15, 'Nakamura', 'Yuka', 'JPN', '1978-05-03', 'Tokyo', 'Homme', 'Yuka Nakamura est une arbitre de natation de renommée internationale, ayant officié lors de plusieurs compétitions majeures.', NULL);

-- Insertion des tuples dans la table Épreuve
INSERT INTO Épreuve(ID_Épreuve, Sexe_Épreuve, Catégorie_Épreuve, Dernier_Record, Détenteur_Record, ID_Sport) VALUES 
(1, 'Femmes', '100m', 10.61, 'Florence Griffith-Joyner', 1),
(2, 'Hommes', '100m', 9.58, 'Usain Bolt', 1),
(3, 'Femmes', '200m', 21.34, 'Florence Griffith-Joyner', 1),
(4, 'Hommes', '200m', 19.3, 'Usain Blot', 1),
(5, 'Femmes', '400m', 47.6, 'Maria Koch', 1),
(6, 'Hommes', '400m', 43.03, 'Wayde van Niekerk', 1),
(7, 'Femmes', '800m', 113.28, 'Jarmila Kratochvílová', 1),
(8, 'Hommes', '800m', 100.91, 'David Rudisha', 1),
(9, 'Femmes', '1500m', 230.07, 'Hicham El Guerrouj', 1),
(10, 'Hommes', '1500m', 206, 'Genzebe Dibaba', 1),
(11, 'Femmes', '5000m', 866.17, 'Tirunesh Dibaba', 1),
(12, 'Hommes', '5000m', 777.82, 'Kenenisa Bekele', 1),
(13, 'Femmes', '10000m', 1757.45, 'Almaz Ayana', 1),
(14, 'Hommes', '10000m', 1577.53, 'Kenenisa Bekele', 1),
(15, 'Femmes', '400m haies', 51.46, 'Dalilah Muhammad', 1),
(16, 'Hommes', '400m haies', 45.94, 'Kevin Young', 1),
(17, 'Femmes', '3000m steeple', 532.78, 'Gulnara Galkina-Samitova', 1),
(18, 'Hommes', '3000m steeple', 483.38, 'Conseslus Kipruto', 1),
(19, 'Femmes', '4x100m', 40.82, 'Équipe d’Américain', 1),
(20, 'Hommes', '4x100m', 36.84, 'Équipe de Jamaica', 1),
(21, 'Femmes', 'Saut en hauteur', 2.09, 'Stefka Kostadinova', 1),
(22, 'Hommes', 'Saut en hauteur', 2.39, 'Javier Sotomayor', 1),
(23, 'Femmes', 'Saut à la perche', 7.52, 'Galina Chistyakova', 1),
(24, 'Hommes', 'Saut à la perche', 8.9, 'Bob Beamon', 1),
(25, 'Femmes', 'Saut en longeur', 7.4, 'Galina Chistyakova', 1),
(26, 'Hommes', 'Saut en longeur', 8.9, 'Bob Beamon', 1),
(27, 'Femmes', 'Triple saut', 15.67, 'Inessa Kravets', 1),
(28, 'Hommes', 'Triple saut', 18.09, 'Jonathan Edwards', 1),
(29, 'Femmes', 'Lancer de poids', 147, 'Li Wenwen', 1),
(30, 'Hommes', 'Lancer de poids', 223, 'Lasha Talakhadze', 1),
(31, 'Femmes', 'Lancer de disque', 76.8, 'Gabriele Reinsch', 1),
(32, 'Hommes', 'Lancer de disque', 69.89, 'Jurgen Schult', 1),
(33, 'Femmes', 'Lancer de marteau', 82.98, 'Anita Włodarczyk', 1),
(34, 'Hommes', 'Lancer de marteau', 84.8, 'Yuriy Sedykh', 1),
(35, 'Femmes', 'Lancer de javelot', 72.28, 'Barbora Spotakova', 1),
(36, 'Hommes', 'Lancer de javalot', 98.48, 'Jan Zelezny', 1),
(37, 'Hommes', 'Décathlon', 9.026, 'Ashton Eaton', 1),
(38, 'Hommes', '110m haies', 12.8, 'Aries Merritt', 1),
(39, 'Femmes', '100m haies', 12.26, 'Kendra Harrison', 1),
(40, 'Femmes', '20km Marche', 4987, 'Liu Hong', 1),
(41, 'Hommes', '20km Marche', 4661, 'Guanyu Zhou', 1),
(42, 'Mixte', '35km Marche', NULL, NULL, 1),
(43, 'Femmes', 'Marathon', 8338, 'Mizuki Noguchi', 1),
(44, 'Hommes', 'Marathon', 7592, 'Eliud Kipchoge', 1),
(45, 'Femmes', 'Skiff', 393.47, 'Mônica Lanz', 2),
(46, 'Hommes', 'Skiff', 360.45, 'Marcel Hacker', 2),
(47, 'Femmes', 'Deux de pointe', 407.6, 'Helen Glover et Heather Stanning', 2),
(48, 'Hommes', 'Deux de pointe', 393.36, 'Niu Zhikui et Zhang Liang', 2),
(49, 'Femmes', 'Deux de couple', 393.76, 'Martin Sinković et Valent Sinković', 2),
(50, 'Hommes', 'Deux de couple', 407.66, 'Romania et Simona Radiș și Georgeta Damian', 2),
(51, 'Femmes', 'Quatre de pointe sans barreur', 367.13, 'Équipe d’Américain', 2),
(52, 'Hommes', 'Quatre de pointe sans barreur', 332.26, 'Équipe d’Allemagne', 2),
(53, 'Femmes', 'Quatre de couple', 370.13, 'Équipe d’Américain', 2),
(54, 'Hommes', 'Quatre de couple', 342.76, 'Équipe d’Allemagne', 2),
(55, 'Femmes', 'Huite de pointe', 354.16, 'Équipe d’Américain', 2),
(56, 'Hommes', 'Huite de pointe', 319.97, 'Équipe d’Allemagne', 2),
(57, 'Femmes', 'Deux de couple poids léger', 407.66, 'Patricia Obee et Lindsay Jennerich', 2),
(58, 'Hommes', 'Deux de couple poids léger', 365.36, 'Máté Szőke et Bendegúz Pétervári-Molnár', 2),
(59, 'Hommes', 'Simple', 493, 'Tam Boon Heong', 3),
(60, 'Hommes', 'Double', 493, 'Tam Boon Heong', 3),
(61, 'Femmes', 'Simple', 454, 'Ye Zhaoying', 3),
(62, 'Femmes', 'Double', 454, 'Ye Zhaoying', 3),
(63, 'Femmes', 'Tournoi à 12 équipes', 1014, 'Équipe d’Américain', 4),
(64, 'Hommes', 'Tournoi à 12 équipes', 1556, 'Équipe d’Américain', 4),
(65, 'Femmes', 'Tournoi à 8 équipes', NULL, NULL, 5),
(66, 'Hommes', 'Tournoi à 8 équipes', NULL, NULL, 5),
(67, 'Hommes', '51kg', NULL, NULL, 6),
(68, 'Hommes', '57kg', NULL, NULL, 6),
(69, 'Hommes', '63.5kg', NULL, NULL, 6),
(70, 'Hommes', '71kg', NULL, NULL, 6),
(71, 'Hommes', '80kg', NULL, NULL, 6),
(72, 'Hommes', '92kg', NULL, NULL, 6),
(73, 'Hommes', 'Plus 92kg', NULL, NULL, 6),
(74, 'Femmes', '50kg', NULL, NULL, 6),
(75, 'Femmes', '54kg', NULL, NULL, 6),
(76, 'Femmes', '57kg', NULL, NULL, 6),
(77, 'Femmes', '60kg', NULL, NULL, 6),
(78, 'Femmes', '66kg', NULL, NULL, 6),
(79, 'Femmes', '75kg', NULL, NULL, 6),
(80, 'Femmes', 'Battle B-girls', NULL, NULL, 7),
(81, 'Hommes', 'Battle B-boys', NULL, NULL, 7),
(82, 'Femmes', 'K-1', 241.049, 'Danuta Kozak', 8),
(83, 'Hommes', 'K-1', 205.202, 'Sebastian Brendel', 8),
(84, 'Femmes', 'C-1', 98.65, 'Maialen Chourraut', 8),
(85, 'Hommes', 'C-1', 94.19, 'Franz Anton', 8),
(86, 'Femmes', 'K-1 Extreme', 39.46, 'Ricarda Funk', 8),
(87, 'Hommes', 'K-1 Extreme', 88.53, ' Joe Clarke', 8),
(88, 'Femmes', 'Vitesse individuelle', 10.611, 'Kristina Vogel', 9),
(89, 'Hommes', 'Vitesse individuelle', 9.703, 'Callum Skinner', 9),
(90, 'Femmes', 'Vitesse par équipe', 32.032, 'Équipe de Chine', 9),
(91, 'Hommes', 'Vitesse par équipe', 41.871, 'Équipe d’Angleterre', 9),
(92, 'Femmes', 'Keirin', 10.721, 'Elis Ligtlee', 9),
(93, 'Hommes', 'Keirin', 9.713, 'Jason Kenny', 9),
(94, 'Femmes', 'Poursuite par équipe', 250.236, 'Joanna Rowsell Shand, Laura Trott, Elinor Barker và Katie Archibald', 9),
(95, 'Hommes', 'Poursuite par équipe', 230.265, 'Edward Clancy, Steven Burke, Owain Doull et Bradley Wiggins', 9),
(96, 'Femmes', 'Omnium', 250.236, 'Laura Trott', 9),
(97, 'Hommes', 'Omnium', 264.496, 'Bradley Wiggins', 9),
(98, 'Femmes', 'Madison', 1159.096, 'Laura Trott và Katie Archibald', 9),
(99, 'Hommes', 'Madison', 1013.982, 'Bradley Wiggins và Mark Cavendish', 9),
(100, 'Femmes', 'Courses en ligne', 231.659, 'Gong Jinjie', 10),
(101, 'Hommes', 'Courses en ligne', 224.672, 'Bradley Wiggins', 10),
(102, 'Femmes', 'Contre la montre', 2763.97, 'Kristin Armstrong', 10),
(103, 'Hommes', 'Contre la montre', 3304.85, 'Fabian Cancellara', 10),
(104, 'Femmes', 'BMX Freestyles', 93.3, 'Logan Martin', 11),
(105, 'Hommes', 'BMX Freestyles', 95.5, 'Charlotte Worthington', 11),
(106, 'Femmes', 'BMX Racing', 34.08, 'Mariana Pajón', 12),
(107, 'Hommes', 'BMX Racing', 34.642, 'Connor Fields', 12),
(108, 'Femmes', 'Cross-country', 4517, 'Jenny Rissveds', 13),
(109, 'Hommes', 'Cross-country', 4505, 'Nino Schurter', 13),
(110, 'Femmes', 'Combiné bloc-difficulté', NULL, NULL, 14),
(111, 'Hommes', 'Combiné bloc-difficulté', NULL, NULL, 14),
(112, 'Femmes', 'Battle B-girls', NULL, NULL, 14),
(113, 'Hommes', 'Battle B-boys', NULL, NULL, 14),
(114, 'Femmes', 'Epée individuelle', NULL, NULL, 15),
(115, 'Hommes', 'Epée individuelle', NULL, NULL, 15),
(116, 'Femmes', 'Fleuret individuel', NULL, NULL, 15),
(117, 'Hommes', 'Fleuret individuel', NULL, NULL, 15),
(118, 'Femmes', 'Sabre individuel', NULL, NULL, 15),
(119, 'Hommes', 'Sabre individuel', NULL, NULL, 15),
(120, 'Femmes', 'Epée par équipes', NULL, NULL, 15),
(121, 'Hommes', 'Epée par équipes', NULL, NULL, 15),
(122, 'Femmes', 'Fleuret par équipes', NULL, NULL, 15),
(123, 'Hommes', 'Fleuret par équipes', NULL, NULL, 15),
(124, 'Femmes', 'Sabre par équipes', NULL, NULL, 15),
(125, 'Hommes', 'Sabre par équipes', NULL, NULL, 15),
(126, 'Hommes', 'Tournoi de football', 3, 'Équipe d’Uruguay et d’Hongrie', 16),
(127, 'Femmes', 'Tournoi de football', 4, 'Équipe d’Américain', 16),
(128, 'Hommes', 'Tournoi de golf indiviuel', NULL, NULL, 17),
(129, 'Femmes', 'Tournoi de golf indiviuel', NULL, NULL, 17),
(130, 'Femmes', 'Concours par équipes', 11, 'Équipe de Chine', 18),
(131, 'Femmes', 'Concours général', 18, 'Larisa Latynina', 18),
(132, 'Femmes', 'Exercices au sol', 4, 'Simone Biles', 18),
(133, 'Femmes', 'Saut', 3, 'Simone Biles', 18),
(134, 'Femmes', 'Barre asymétrique', 3, 'Natalia Yurchenko', 18),
(135, 'Femmes', 'Poutre', 3, 'Nadia Comăneci', 18),
(136, 'Hommes', 'Concours par équipes', 13, 'Équipe de Soviet', 18),
(137, 'Hommes', 'Concours général', 13, 'Boris Shakhlin', 18),
(138, 'Hommes', 'Exercices au sol', 8, 'Sawao Kato', 18),
(139, 'Hommes', 'Saut', 6, 'Vitaly Scherbo', 18),
(140, 'Hommes', 'Cheval d’arcons', 2, 'Li Xiaoshuang', 18),
(141, 'Hommes', 'Anneux', 2, 'Liao Junlin', 18),
(142, 'Hommes', 'Barre paralleles', 3, 'Zoltán Magyar', 18),
(143, 'Femmes', 'Barre fixe', 3, 'Mitsuo Tsukahara', 18),
(144, 'Femmes', 'Concours des ensembles', 4, 'Irina Deriugina', 19),
(145, 'Femmes', 'Concours individuel', 9, 'Larisa Latynina', 19),
(146, 'Femmes', '49kg', 1, 'Nino Pizzolato et Wu Mei-Yin', 20),
(147, 'Femmes', '59kg', 1, 'Long Qingquan', 12),
(148, 'Femmes', '71kg', 1, 'Rim Jong-sim et Zhazira Zhapparkul', 20),
(149, 'Femmes', '81kg', 2, 'Tatiana Kashirina', 20),
(150, 'Femmes', 'plus 81kg', 1, 'Ôngi Malashaev et Zhou Lulu', 20),
(151, 'Hommes', '61kg', 1, 'Kuo Hsing-Chun', 20),
(152, 'Hommes', '73kg', 2, 'Shi Zhiyong', 20),
(153, 'Hommes', '89kg', 1, 'Sohrab Moradi', 20),
(154, 'Hommes', '102kg', 2, 'Lasha Talakhadze', 20),
(155, 'Hommes', 'plus 102kg', 2, 'Hossein Rezazadeh', 20),
(156, 'Femmes', 'Tounoi de handball', 2, 'Équipe de Russe', 21),
(157, 'Hommes', 'Tounoi de handball', 3, 'Équipe de France', 21),
(158, 'Femmes', 'Tounoi de hockey', 4, 'Équipe Néerlandaise', 22),
(159, 'Hommes', 'Tounoi de hockey', 8, 'Équipe indienne', 22),
(160, 'Femmes', 'Moins 48kg', 3, 'Ryoko Tani', 23),
(161, 'Femmes', 'Moins 52kg', 1, 'Majlinda Kelmendi', 23),
(162, 'Femmes', 'Moins 57kg', 1, 'Rafaela Silva', 23),
(163, 'Femmes', 'Moins 63kg', 1, 'Tina Trstenjak', 23),
(164, 'Femmes', 'Moins 70kg', 1, 'Sally Conway', 23),
(165, 'Femmes', 'Moins 78kg', 2, 'Kayla Harrison', 23),
(166, 'Femmes', '78kg', 2, 'Idalys Ortiz', 23),
(167, 'Hommes', 'Moins 60kg', 3, 'Tadahiro Nomura', 23),
(168, 'Hommes', 'Moins 66kg', 2, 'Masato Uchisiba', 23),
(169, 'Hommes', 'Moins 73kg', 2, 'Lasha Shavdatuashvili', 23),
(170, 'Hommes', 'Moins 81kg', 2, 'Kim Jae-bum', 23),
(171, 'Hommes', 'Moins 90kg', 1, 'Ilias Iliadis', 23),
(172, 'Hommes', 'Moins 100kg', 2, 'Kosei Inoue', 23),
(173, 'Hommes', '100kg', 2, 'Teddy Riner', 23),
(174, 'Femmes', 'Moins 50kg', 1, 'Eri Tosaka', 24),
(175, 'Femmes', 'Moins 53kg', 2, 'Saori Yoshida', 24),
(176, 'Femmes', 'Moins 57kg', 2, 'Kaori Icho', 24),
(177, 'Femmes', 'Moins 62kg', 1, 'Risako Kawai', 24),
(178, 'Femmes', 'Moins 68kg', 1, 'Erica Wiebe', 24),
(179, 'Femmes', 'Moins 76kg', 1, 'Sara Dosho', 24),
(180, 'Hommes', 'Moins 57kg', 1, 'Roman Vlashov', 24),
(181, 'Hommes', 'Moins 65kg', 1, 'Soslan Ramonov', 24),
(182, 'Hommes', 'Moins 74kg', 1, 'Abdulrashid Sadulaev', 24),
(183, 'Hommes', 'Moins 86kg', 1, 'Khadjimourat Gatsalov', 24),
(184, 'Hommes', 'Moins 97kg', 1, 'Artur Taymazov', 24),
(185, 'Hommes', 'Gréco-Romaine moins 60kg', 1, 'Armen Nazaryan', 24),
(186, 'Hommes', 'Gréco-Romaine moins 67kg', 1, 'Roman Nlashov', 24),
(187, 'Hommes', 'Gréco-Romaine moins 77kg', 1, 'Hamza Yerlikaya', 24),
(188, 'Hommes', 'Gréco-Romaine moins 87kg', 1, 'Zurab Zviadauri', 24),
(189, 'Hommes', 'Gréco-Romaine moins 97kg', 1, 'Aleksandr Karalin', 24),
(190, 'Hommes', 'Gréco-Romaine moins 130kg', 1, 'Ghasem Sholamreza Razaei', 24),
(191, 'Femmes', '50m nage libre', 23.43, 'Pernille Blume', 25),
(192, 'Hommes', '50m nage libre', 21.07, 'Caeleb Dressel', 25),
(193, 'Femmes', '100m nage libre', 52.7, 'Penny Oleksiak', 25),
(194, 'Hommes', '100m nage libre', 46.91, 'Cesar Cielo', 25),
(195, 'Femmes', '200m nage libre', 223.46, 'Katie Ledecky', 25),
(196, 'Hommes', '200m nage libre', 220.07, 'Paul Biedermann', 25),
(197, 'Femmes', '400m nage libre', 484.79, 'Katie Ledecky', 25),
(198, 'Hommes', '400m nage libre', 462.08, 'Zhang Lin', 25),
(199, 'Femmes', '1500m nage libre', 935.35, 'Katie Ledecky', 25),
(200, 'Hommes', '1500m nage libre', 874.57, 'Gregorio Paltrinieri', 25),
(201, 'Femmes', '100m dos', 57.13, 'Regan Smith', 25),
(202, 'Hommes', '100m dos', 51.85, 'Ryan Murphy', 25),
(203, 'Femmes', '200m dos', 124.06, 'Missy Franklin', 25),
(204, 'Hommes', '200m dos', 113.41, 'Tyler Clary', 25),
(205, 'Femmes', '100m brasse', 64.93, 'Lily King', 25),
(206, 'Hommes', '100m brasse', 57.13, 'Adam Peaty', 25),
(207, 'Femmes', '200m nage brasse', 139.11, 'Rikke Molter', 25),
(208, 'Hommes', '200m nage brasse', 126.67, 'Ippei Wantanabe', 25),
(209, 'Femmes', '100m papillon', 55.48, 'Sarah Sjostrom', 25),
(210, 'Hommes', '100m papillon', 50.39, 'Joseph Schooling', 25),
(211, 'Femmes', '200m papillon', 121.81, 'Liu Zige', 25),
(212, 'Hommes', '200m papillon', 111.25, 'Kristof Milak', 25),
(213, 'Femmes', '200m quatre nages individuel', 127.57, 'Ye Shiwen', 25),
(214, 'Hommes', '200m quatre nages individuel', 115, 'Wang Shun', 25),
(215, 'Femmes', '400m quatre nages individuel', 266.36, 'Katinka Hosszu', 25),
(216, 'Hommes', '400m quatre nages individuel', 243.84, 'Michael Phelps', 25),
(217, 'Femmes', '4x100m nage libre', 209.69, 'Équipe d’Australie', 25),
(218, 'Hommes', '4x100m nage libre', 188.97, 'Équipe de Chine', 25),
(219, 'Femmes', '4x200m nage libre', 463.03, 'Équipe d’Américain', 25),
(220, 'Hommes', '4x200m nage libre', 336.3, 'Équipe d’Américain', 25),
(221, 'Femmes', '4x100m quatrenages', 231.99, 'Équipe de Chine', 25),
(222, 'Hommes', '4x100m quatre nages', 218.56, 'Équipe d’Américain', 25),
(223, 'Mixte', '4x100m nage libre', 218.52, 'Équipe d’Australie', 25),
(224, 'Mixte', 'Duo libre', 8, 'L’équipe des États Unis', 26),
(225, 'Mixte', 'Duo technique', 5, 'L’équipe des États Unis', 26),
(226, 'Mixte', 'Equipe Acrobatique', 7, 'L’équipe des États Unis', 26),
(227, 'Mixte', 'Équipes libre', 3, 'L’équipe des États Unis', 26),
(228, 'Mixte', 'Équipes techniques', 3, 'L’équipe des États Unis', 26),
(229, 'Femmes', '10km', 1, 'Spyridon Gianniotis et Xin Xin', 27),
(230, 'Hommes', '10km', 1, 'Oussama Mellouli et Spyridon Gianniotis', 27),
(231, 'Femmes', 'Tremplin haut-vol 10m', 2, 'Fu Mingxia', 28),
(232, 'Hommes', 'Tremplin haut-vol 10m', 1, 'Sun Zhiyi, Tian Liang, Hu Jia et Cao Yuan', 28),
(233, 'Femmes', 'Tremplin haut-vol 10m synchronisé', 2, 'Chen Ruolin et Shi Tingmao', 28),
(234, 'Hommes', 'Tremplin haut-vol 10m synchronisé', 2, 'Cao Yuan et Chen Aisen', 28),
(235, 'Femmes', 'Tremplin 3m', 3, 'Guo Jingjing', 28),
(236, 'Hommes', 'Tremplin 3m', 2, 'Xiong Ni et He Chong', 28),
(237, 'Femmes', 'Tremplin 3m synchronisé ', 3, 'Chen Ruolin', 28),
(238, 'Hommes', 'Tremplin 3m synchronisé ', 2, 'Wang Han et Xie Siyi', 28),
(239, 'Femmes', 'Compétition individuelle', 1, 'Laura Asadauskaitė', 29),
(240, 'Hommes', 'Compétition individuelle', 3, 'Andrej Moiseev', 29),
(241, 'Femmes', 'Tournoi de rugby à 7', 1, 'Équipe d’Autralie', 30),
(242, 'Hommes', 'Tournoi de rugby à 7', 1, 'Équipe des Fidji', 30),
(243, 'Femmes', 'SkateBoard Park', NULL, NULL, 31),
(244, 'Hommes', 'SkateBoard Park', NULL, NULL, 31),
(245, 'Femmes', 'SkateBoard Street', NULL, NULL, 31),
(246, 'Hommes', 'SkateBoard Street', NULL, NULL, 31),
(247, 'Mixte', 'Concours complet individuel', 3, 'Michael Jung', 32),
(248, 'Mixte', 'Concours complet par équipes', 8, 'L’équipe d’Allemagne', 32),
(249, 'Mixte', 'Dressage par équipes', 9, 'L’équipe d’Allemagne', 32),
(250, 'Mixte', 'Saut d’obstacle individuel', 5, 'Hans Günter Winkler', 32),
(251, 'Mixte', 'Saut d’obstacle par équipes', 8, 'L’équipe d’Allemagne', 32),
(252, 'Femmes', 'Shortboard', NULL, NULL, 33),
(253, 'Hommes', 'Shortboard', NULL, NULL, 33),
(254, 'Hommes', '-58kg', 2, 'Joel Gonzalez et Gu Bon-gil', 34),
(255, 'Hommes', '-68kg', 2, 'Servet Tazegul', 34),
(256, 'Hommes', '-80kg', 2, 'Steven Lopez', 34),
(257, 'Hommes', '+80kg', 2, 'Zhao Shuai', 34),
(258, 'Femmes', '-49kg', 2, 'Wu Jingyu et Kim So-hui', 34),
(259, 'Femmes', '-57kg', 2, 'Jade Jones', 34),
(260, 'Femmes', '-67kg', 2, 'Hwang Kyung-seon', 34),
(261, 'Femmes', '+67kg', 2, 'Chen Zhong et Milica Mandić', 34),
(262, 'Femmes', 'Simple', 2, 'Venus Williams et Serena Williams', 35),
(263, 'Hommes', 'Simple', 2, 'Roger Federer et Andy Murray', 35),
(264, 'Femmes', 'Double', 2, 'Venus Williams et Serena Williams', 35),
(265, 'Hommes', 'Double', 3, 'Todd Woodbridge et Mark Woodforde', 35),
(266, 'Mixte', 'Double', NULL, NULL, 35),
(267, 'Femmes', 'Simple', 4, 'Zhang Yining', 36),
(268, 'Hommes', 'Simple', 1, 'Jan-Ove Waldner', 36),
(269, 'Femmes', 'Double', 4, 'Deng Yaping', 36),
(270, 'Hommes', 'Double', 2, 'Jorgen Persson', 36),
(271, 'Mixte', 'Double', 1, 'Mima Ito et Jun Mizutani', 36),
(272, 'Femmes', 'Pistolet à air comprimé 10m', 2, 'Zhang Mengxue et Ana Paula Vazquez', 37),
(273, 'Hommes', 'Pistolet à air comprimé 10m', 2, 'Pang Wei et Niccolò Campriani', 37),
(274, 'Mixte', 'Pistolet à air comprimé 10m', 1, 'Jiang Ranxin et Pang Wei', 37),
(275, 'Femmes', 'Carabine à air comprimé 10m', 2, 'Wu Minxia', 37),
(276, 'Hommes', 'Carabine à air comprimé 10m', 2, 'Petra Zublasing et Barbara Engleder ', 37),
(277, 'Mixte', 'Carabine à air comprimé 10m', 1, 'József Szabó', 37),
(278, 'Femmes', 'Carabine 50m 3 positions', 2, 'Díana Igaly et Kimberly Rhode', 37),
(279, 'Hommes', 'Carabine 50m 3 positionsm', 3, 'Ennio Falco et Vincent Hancock', 37),
(280, 'Femmes', 'Skeet olympique', 2, '', 37),
(281, 'Hommes', 'Skeet olympique', 2, '', 37),
(282, 'Mixte', 'Skeet olympique', NULL, NULL, 37),
(283, 'Femmes', 'Fosse olympique', 2, 'Zhang Shan et Zhang Mengyuan', 37),
(284, 'Hommes', 'Fosse olympique', 2, 'Lones Wigger', 37),
(285, 'Femmes', 'Pistolet rapide 25m', 2, 'Nino Salukvadze', 37),
(286, 'Hommes', 'Pistolet rapide 25m', 2, 'Jin Jong-oh', 37),
(287, 'Femmes', 'Individuel', 3, 'Ki Bo-bae', 38),
(288, 'Hommes', 'Individuel', 3, 'Kim Woo-jin', 38),
(289, 'Femmes', 'Par équipe', 20, 'L’équipe de Corée du Sud', 38),
(290, 'Hommes', 'Par équipe', 23, 'L’équipe de Corée du Sud', 38),
(291, 'Mixte', 'Par équipe', 1, 'L’équipe de Corée du Sud', 38),
(292, 'Femmes', 'Individuel', 2, 'Rosie MacLennan', 39),
(293, 'Hommes', 'Individuel', 2, 'Dong Dong', 39),
(294, 'Femmes', 'Individuel', 2, 'Emma Snowsill et Gwen Jorgensen', 40),
(295, 'Hommes', 'Individuel', 2, 'Simon Whitfield et  Alistair Brownlee', 40),
(296, 'Mixte', 'De relais', 1, 'L’équipe d’Angleterre', 40),
(297, 'Femmes', 'Dériveur solitaire ILCA 6', 2, 'Marit Bouwmeester', 41),
(298, 'Femmes', 'Skiff 49er FX', 2, 'Martine Grael', 41),
(299, 'Femmes', 'Planche à voile IQ foil', 1, 'Chen Peina', 41),
(300, 'Femmes', 'Formula kite', 1, 'Poema Newland', 41),
(301, 'Hommes', 'Dériveur solitaire ILCA 6', 4, 'Ben Ainslie', 41),
(302, 'Hommes', 'Skiff 49er FX', 1, 'Ben Saxton', 41),
(303, 'Hommes', 'Planche à voile IQ foil', 1, 'Thomas Goyard', 41),
(304, 'Hommes', 'Formula kite', 1, 'Francisco Saubidet Birkner', 41),
(305, 'Mixte', 'Multicoque mixte Nacra 17 à foils', 1, 'L’é quipe d’Austalie', 41),
(306, 'Mixte', 'Dériveur double mixte – 470', 2, 'L’é quipe d’Austalie', 41),
(307, 'Femmes', 'Tournoi de volleyball', 3, 'L’équipe de Chine', 42),
(308, 'Hommes', 'Tournoi de volleyball', 4, 'L’équipe de Soviet', 42),
(309, 'Femmes', 'Tournoi de volleyball', 4, 'L’équipe des États Unis', 43),
(310, 'Hommes', 'Tournoi de volleyball', 3, 'L’équipe de Brésil', 43),
(311, 'Femmes', 'Tournoi de water-polo', 2, 'Équipe de Soviet', 44),
(312, 'Hommes', 'Tournoi de water-polo', 4, 'Équipe de Soviet', 44),
(313, 'Femmes', 'Tournoi à 8 équipes', NULL, NULL, 45),
(314, 'Hommes', 'Tournoi à 8 équipes', NULL, NULL, 45),
(315, 'Femmes', 'Individuelle BC1', NULL, NULL, 46),
(316, 'Hommes', 'Individuelle BC1', NULL, NULL, 46),
(317, 'Femmes', 'Individuelle BC2', NULL, NULL, 46),
(318, 'Hommes', 'Individuelle BC2', NULL, NULL, 46),
(319, 'Femmes', 'Individuelle BC3', NULL, NULL, 46),
(320, 'Hommes', 'Individuelle BC3', NULL, NULL, 46),
(321, 'Femmes', 'Individuelle BC4', NULL, NULL, 46),
(322, 'Hommes', 'Individuelle BC4', NULL, NULL, 46),
(323, 'Mixte', 'Equipe mixte BC1-2', NULL, NULL, 46),
(324, 'Mixte', 'Equipe mixte BC3', NULL, NULL, 46),
(325, 'Mixte', 'Equipe mixte BC4', NULL, NULL, 46),
(326, 'Femmes', 'Epée Categorie A', NULL, NULL, 47),
(327, 'Hommes', 'Epée Categorie A', NULL, NULL, 47),
(328, 'Femmes', 'Epée Categorie B', NULL, NULL, 47),
(329, 'Hommes', 'Epée Categorie B', NULL, NULL, 47),
(330, 'Femmes', 'Epée par équipes', NULL, NULL, 47),
(331, 'Hommes', 'Epée par équipes', NULL, NULL, 47),
(332, 'Femmes', 'Fleuret Categorie A', NULL, NULL, 47),
(333, 'Hommes', 'Fleuret Categorie A', NULL, NULL, 47),
(334, 'Femmes', 'Fleuret Categorie B', NULL, NULL, 47),
(335, 'Hommes', 'Fleuret Categorie B', NULL, NULL, 47),
(336, 'Femmes', 'Fleuret par équipes', NULL, NULL, 47),
(337, 'Hommes', 'Fleuret par équipes', NULL, NULL, 47),
(338, 'Femmes', 'Sabre Categorie A', NULL, NULL, 47),
(339, 'Hommes', 'Sabre Categorie A', NULL, NULL, 47),
(340, 'Femmes', 'Sabre Categorie B', NULL, NULL, 47),
(341, 'Hommes', 'Sabre Categorie B', NULL, NULL, 47),
(342, 'Femmes', 'Sabre par équipes', NULL, NULL, 47),
(343, 'Hommes', 'Sabre par équipes', NULL, NULL, 47),
(344, 'Hommes', 'Tournoi B1 masculin 8 équipe', NULL, NULL, 48),
(345, 'Femmes', 'Tournoi à 8 équipes', NULL, NULL, 49),
(346, 'Hommes', 'Tournoi à 8 équipes', NULL, NULL, 49),
(347, 'Femmes', '100m-T11', 12.0, 'Cuiqing Liu', 50),
(348, 'Femmes', '100m-T12', 10.46, 'Omara Durand', 50),
(349, 'Femmes', '100m-T13', 11.40, 'Leilia Adzhametova', 50),
(350, 'Femmes', '100m-T34', 17.53, 'Hannah Cockroft', 50),
(351, 'Femmes', '100m-T35', 14.63, 'Xia Zhou', 50),
(352, 'Femmes', '100m-T36', 13.44, 'Wen Xiaoyan', 50),
(353, 'Femmes', '100m-T37', 13.15, 'Maria Lyle', 50),
(354, 'Femmes', '100m-T38', 12.56, 'Sophie Hahn', 50),
(355, 'Femmes', '100m-T44', 12.57, 'Sophie Kamlish', 50),
(356, 'Femmes', '100m-T46', 12.44, 'Liu Cuiqing', 50),
(357, 'Femmes', '100m-T53', 16.60, 'Angela Ballard', 50),
(358, 'Femmes', '100m-T54', 15.17, 'Manuela Schaer', 50),
(359, 'Femmes', '100m-T63', 18.26, 'Marieke Vervoort', 50),
(360, 'Femmes', '100m-T64', 13.43, 'Deja Young', 50),
(361, 'Hommes', '100m-T11', 10.54, 'Omara Durand', 50),
(362, 'Hommes', '100m-T12', 10.46, 'Zhu Dening', 50),
(363, 'Hommes', '100m-T13', 10.46, 'Johannes Floors', 50),
(364, 'Hommes', '100m-T34', 15.45, 'Walid Ktila', 50),
(365, 'Hommes', '100m-T35', 11.42, 'Ihor Tsvietov', 50),
(366, 'Hommes', '100m-T36', 11.35, 'Yang Yifei', 50),
(367, 'Hommes', '100m-T37', 10.46, 'Deon Kenzie', 50),
(368, 'Hommes', '100m-T38', 10.6, 'Johannes Floors', 50),
(369, 'Hommes', '100m-T44', 10.46, 'Jarryd Wallace', 50),
(370, 'Hommes', '100m-T46', 10.57, 'Johannes Floors', 50),
(371, 'Hommes', '100m-T51', 20.18, 'Toni Piispanen', 50),
(372, 'Hommes', '100m-T52', 19.1, 'Brent Lakatos', 50),
(373, 'Hommes', '100m-T53', 14.2, 'Liu Chengming', 50),
(374, 'Hommes', '100m-T54', 13.1, 'Leo Pekka Tahti', 50),
(375, 'Hommes', '100m-T63', 11.62, 'Trenten Merrill', 50),
(376, 'Hommes', '100m-T64', 10.42, 'Felix Streng', 50),
(377, 'Femmes', '200m-T35', 31.75, 'Isis Holt', 50),
(378, 'Femmes', '200m-T37', 26.06, 'Yunidis Castillo', 50),
(379, 'Femmes', '200m-T64', 28.14, 'Martina Caironi', 50),
(380, 'Femmes', '200m-T36', 31.79, 'Wen Xiaoyan', 50),
(381, 'Femmes', '200m-T47', 25.52, 'Kadeena Cox', 50),
(382, 'Hommes', '200m-T35', 24.63, 'Rheed McCracken', 50),
(383, 'Hommes', '200m-T37', 22.23, 'Liu Yang', 50),
(384, 'Hommes', '200m-T64', 36.06, 'Peter Genyn', 50),
(385, 'Hommes', '200m-T51', 23.16, 'Johannes Floors', 50),
(386, 'Femmes', '400m-T11', 60.83, 'Li Duan', 50),
(387, 'Femmes', '400m-T12', 54.06, 'Zhou Xia', 50),
(388, 'Femmes', '400m-T13', 54.69, 'Anastasiia Soloveva', 50),
(389, 'Femmes', '400m-T20', 58.85, 'Deja Young', 50),
(390, 'Femmes', '400m-T37', 59.74, 'Sophie Hahn', 50),
(391, 'Femmes', '400m-T38', 59.82, 'Sophie Hahn', 50),
(392, 'Femmes', '400m-T47', 59.53, 'Fatima Nedjari', 50),
(393, 'Femmes', '400m-T53', 52.4, 'Xia Zhou', 50),
(394, 'Femmes', '400m-T54', 45.07, 'Liu Wenjun', 50),
(395, 'Hommes', '400m-T11', 47.38, 'Muhammed Peksung', 50),
(396, 'Hommes', '400m-T12', 47.6, 'Mahdi Olad', 50),
(397, 'Hommes', '400m-T13', 47.15, 'Johannes Nambala', 50),
(398, 'Hommes', '400m-T20', 48.68, 'Ambrose Banda', 50),
(399, 'Hommes', '400m-T37', 50.7, 'Xia Zhou', 50),
(400, 'Hommes', '400m-T38', 48.15, 'Daniel Martins', 50),
(401, 'Hommes', '400m-T47', 49.5, 'Gunther Matzinger', 50),
(402, 'Hommes', '400m-T53', 45.62, 'Leo Pekka Tahti', 50),
(403, 'Hommes', '400m-T54', 44.22, 'Marcel Hug', 50),
(404, 'Hommes', '400m-T36', 57.06, 'Abdellatif Baka', 50),
(405, 'Hommes', '400m-T52', 54.1, 'Marcel Hug', 50),
(406, 'Hommes', '400m-T62', 55.17, 'Kenny van Weeghel', 50),
(407, 'Femmes', '800m-T34', 120.86, 'Kare Adenegan', 50),
(408, 'Femmes', '800m-T53', 107.02, 'Manuela Schär', 50),
(409, 'Femmes', '800m-T54', 98.98, 'Madison de Rozario', 50),
(410, 'Hommes', '800m-T34', 96.99, 'Mohamed Al Hammadi', 50),
(411, 'Hommes', '800m-T53', 97.31, 'Kenny van Weeghel', 50),
(412, 'Hommes', '800m-T54', 86.16, 'Marcel Hug', 50),
(413, 'Femmes', '1500m-T11', 313.19, 'Cuiqing Liu', 50),
(414, 'Femmes', '1500m-T13', 273.95, 'Souhad Ghazouani', 50),
(415, 'Femmes', '1500m-T20', 267.83, 'Risper Biyaki', 50),
(416, 'Femmes', '1500m-T54', 191.45, 'Tatyana McFadden', 50),
(417, 'Hommes', '1500m-T11', 248.87, 'Cristiano Pereira', 50),
(418, 'Hommes', '1500m-T13', 224.29, 'Samir Nouioua', 50),
(419, 'Hommes', '1500m-T20', 232.8, 'Deon Kenzie', 50),
(420, 'Hommes', '1500m-T54', 183.21, 'Marcel Hug', 50),
(421, 'Hommes', '1500m-T38', 239.9, 'Namunyak Gathimba', 50),
(422, 'Hommes', '1500m-T46', 234.22, 'Jaryd Clifford', 50),
(423, 'Femmes', '5000m-T54', 638.97, 'Manuela Schär', 50),
(424, 'Hommes', '5000m-T54', 569.35, 'Marcel Hug', 50),
(425, 'Hommes', '5000m-T11', 976, 'Samwel Mushai Kimani', 50),
(426, 'Hommes', '5000m-T13', 894.24, 'Alberto Suarez Laso', 50),
(427, 'Mixte', '4x100m', NULL, NULL, 50),
(428, 'Femmes', 'Marathon T12', 10291, 'Elena Pautova', 50),
(429, 'Hommes', 'Marathon T12', 8927, 'Wilson Bii', 50),
(430, 'Hommes', 'Marathon T54', 8830, 'Manuela Schär', 50),
(431, 'Hommes', 'Marathon T54', 7018, 'Marcel Hug', 50),
(432, 'Femmes', 'Saut en longeur-T11', 3.67, 'Leila Adzhametova', 50),
(433, 'Femmes', 'Saut en longeur-T12', 4.84, 'Assia El’Hannouni', 50),
(434, 'Femmes', 'Saut en longeur-T20', 5.53, 'Maria Lyle', 50),
(435, 'Femmes', 'Saut en longeur-T37', 4.25, 'Fartu Mohammed', 50),
(436, 'Femmes', 'Saut en longeur-T38', 5.29, 'Sophie Hahn', 50),
(437, 'Femmes', 'Saut en longeur-T47', 5.46, 'Lu Dong', 50),
(438, 'Femmes', 'Saut en longeur-T63', 4.44, 'Marlene Van Gansewinkel', 50),
(439, 'Femmes', 'Saut en longeur-T64', 5.63, 'Lidiia Iakovleva', 50),
(440, 'Hommes', 'Saut en longeur-T11', 7.12, 'Mahdi Olad', 50),
(441, 'Hommes', 'Saut en longeur-T12', 5.6, 'Mateusz Michalski', 50),
(442, 'Hommes', 'Saut en longeur-T20', 6.52, 'Sebastian Dietz', 50),
(443, 'Hommes', 'Saut en longeur-T37', 6.81, 'Tuan Anh Nguyen', 50),
(444, 'Hommes', 'Saut en longeur-T38', 7.03, 'Luis Goncalves', 50),
(445, 'Hommes', 'Saut en longeur-T47', 5.59, 'Roderick Townsend', 50),
(446, 'Hommes', 'Saut en longeur-T63', 6.68, 'Kamil Aliyev', 50),
(447, 'Hommes', 'Saut en longeur-T64', 7.76, 'Roman Pavlyk', 50),
(448, 'Hommes', 'Saut en longeur-T13', 5.6, 'Osniel Melgarejo', 50),
(449, 'Hommes', 'Saut en longeur-T36', 6.8, 'Roman Pavlyk', 50),
(450, 'Femmes', 'Lancer de masure-F32', 18.86, 'Maroua Ibrahmi', 50),
(451, 'Hommes', 'Lancer de masure-F32', 34.97, 'Mahmoud Attia', 50),
(452, 'Hommes', 'Lancer de masure-F51', 5.4, 'Bhagyashri Madavrao Jadhav', 50),
(453, 'Hommes', 'Saut en hauteur-T47', 2.05, 'Luis Felipe Gutierrez Espinosa', 50),
(454, 'Hommes', 'Saut en hauteur-T63', 1.8, 'Yevheniy Bohodayko', 50),
(455, 'Hommes', 'Saut en hauteur-T64', 2.1, 'Sam Grewe', 50),
(456, 'Femmes', 'Lancer de disque-F11', 38.08, 'Nassima Saifi', 50),
(457, 'Femmes', 'Lancer de disque-F64', 43.79, 'Raoua Tlili', 50),
(458, 'Femmes', 'Lancer de disque-F38', 38.49, 'Na Mi', 50),
(459, 'Femmes', 'Lancer de disque-F41', 25.66, 'Anastasiia Moskalenko', 50),
(460, 'Femmes', 'Lancer de disque-F53', 19.7, 'Cassie Mitchell', 50),
(461, 'Femmes', 'Lancer de disque-F55', 18.46, 'Ahalya Lettenberger', 50),
(462, 'Femmes', 'Lancer de disque-F57', 35.83, 'Mi Na', 50),
(463, 'Hommes', 'Lancer de disque-F11', 28.58, 'Qing Wu', 50),
(464, 'Hommes', 'Lancer de disque-F64', 59.82, 'Serhii Burban', 50),
(465, 'Hommes', 'Lancer de disque-F37', 62.48, 'Roman Pavlyk', 50),
(466, 'Hommes', 'Lancer de disque-F52', 28.29, 'Maxim Kovalenko', 50),
(467, 'Hommes', 'Lancer de disque-F56', 44.57, 'Mohamed Berrahal', 50),
(468, 'Femmes', 'Lancer de javelot-F13', 40.51, 'Raissa Nugumanova', 50),
(469, 'Femmes', 'Lancer de javelot-F34', 17.14, 'Maroua Ibrahmi', 50),
(470, 'Femmes', 'Lancer de javelot-F46', 40.51, 'Martina Willing', 50),
(471, 'Femmes', 'Lancer de javelot-F54', 18.86, 'Zhang Liqing', 50),
(472, 'Femmes', 'Lancer de javelot-F56', 16.93, 'Rima Abdelli', 50),
(473, 'Hommes', 'Lancer de javelot-F13', 63.99, 'Guo Chunliang', 50),
(474, 'Hommes', 'Lancer de javelot-F31', 32.96, 'Wang Pengkai', 50),
(475, 'Hommes', 'Lancer de javelot-F46', 40.51, 'Holly Robinson', 50),
(476, 'Hommes', 'Lancer de javelot-F54', 46.69, 'Guo Wei', 50),
(477, 'Hommes', 'Lancer de javelot-F38', 60.91, 'Ahmad Hindi', 50),
(478, 'Hommes', 'Lancer de javelot-F41', 39.66, 'Dinesh Priyantha Herath Mudiyanselage', 50),
(479, 'Hommes', 'Lancer de javelot-F57', 49.07, 'Guoshan Wu', 50),
(480, 'Hommes', 'Lancer de javelot-F64', 60.6, 'Michal Kotkowski', 50),
(481, 'Femmes', 'Lancer de poids-F12', 9.57, 'Fatema Nedjari', 50),
(482, 'Femmes', 'Lancer de poids-F20', 13.12, 'Eucharia Iyiazi', 50),
(483, 'Femmes', 'Lancer de poids-F32', 6.44, 'Maroua Ibrahmi', 50),
(484, 'Femmes', 'Lancer de poids-F33', 6.65, 'Merve Nur Eroglu', 50),
(485, 'Femmes', 'Lancer de poids-F34', 8.99, 'Maroua Brahmi', 50),
(486, 'Femmes', 'Lancer de poids-F35', 8.53, 'Jo Butterfield', 50),
(487, 'Femmes', 'Lancer de poids-F37', 10.52, 'Assunta Legnante', 50),
(488, 'Femmes', 'Lancer de poids-F40', 8.47, 'Assunta Legnante', 50),
(489, 'Femmes', 'Lancer de poids-F41', 9.78, 'Rachel Morrison', 50),
(490, 'Femmes', 'Lancer de poids-F46', 13.76, 'Zou Lijuan', 50),
(491, 'Femmes', 'Lancer de poids-F57', 12.15, 'Maryna Kopiika', 50),
(492, 'Femmes', 'Lancer de poids-F54', 7.6, 'Na Mi', 50),
(493, 'Femmes', 'Lancer de poids-F64', 8.93, 'Katarzyna Piekart', 50),
(494, 'Hommes', 'Lancer de poids-F12', 13.23, 'Andrey Koptev', 50),
(495, 'Hommes', 'Lancer de poids-F20', 16.36, 'Niko Kappel', 50),
(496, 'Hommes', 'Lancer de poids-F32', 9.67, 'Maroua Brahmi', 50),
(497, 'Hommes', 'Lancer de poids-F33', 7.27, 'Yassine Gharbi', 50),
(498, 'Hommes', 'Lancer de poids-F34', 11.01, 'Josh Clark', 50),
(499, 'Hommes', 'Lancer de poids-F35', 13.7, 'Niko Kappel', 50),
(500, 'Hommes', 'Lancer de poids-F37', 15.68, 'Gregory Stewart', 50),
(501, 'Hommes', 'Lancer de poids-F40', 12.62, 'Ivan Katanusic', 50),
(502, 'Hommes', 'Lancer de poids-F41', 16.02, 'Zeljko Dimitrijevic', 50),
(503, 'Hommes', 'Lancer de poids-F46', 16.29, 'Roderick Townsend-Roberts', 50),
(504, 'Hommes', 'Lancer de poids-F57', 13.23, 'Deon Kenzie', 50),
(505, 'Hommes', 'Lancer de poids-F11', 14.17, 'Cristiano Pereira', 50),
(506, 'Hommes', 'Lancer de poids-F36', 16.74, 'Yifei Yang', 50),
(507, 'Hommes', 'Lancer de poids-F53', 9.83, 'Sebastian Dietz', 50),
(508, 'Hommes', 'Lancer de poids-F55', 14.77, 'Nikolaos Papageorgiou', 50),
(509, 'Hommes', 'Lancer de poids-F63', 13.02, 'Muhammad Ziyad Zolkefli', 50),
(510, 'Hommes', 'Skiff PR1', 596.66, 'Roman Polianskyi', 51),
(511, 'Femmes', 'Skiff PR1', 650.47, 'Birgit Skarstein', 51),
(512, 'Hommes', 'M1X', 400.34, 'Roman Polianskyi', 51),
(513, 'Femmes', 'W1x', 564.29, 'Moran Samuel', 51),
(514, 'Mixte', 'Deux couple PR2 Mix2x', 444.52, 'Corné de Koning et Annika van der Meer', 51),
(515, 'Mixte', 'Deux couple PR3 Mix2x', NULL, NULL, 51),
(516, 'Mixte', 'Quatre de pointe avec barreu PR3 Mix4+', NULL, NULL, 51),
(517, 'Femmes', 'Simple WH1', 2, 'Leani Ratri Oktila', 52),
(518, 'Femmes', 'Simple WH2', 2, 'Pascale Berard', 52),
(519, 'Femmes', 'Simple SL3', 2, 'Karin Suter-Erath', 52),
(520, 'Femmes', 'Simple SL4', 2, 'Yilina Zhu', 52),
(521, 'Femmes', 'Simple SU5', 2, 'Leani Ratri Oktila', 52),
(522, 'Femmes', 'Simple SH6', 2, 'Yang Qiuxia', 52),
(523, 'Femmes', 'Double WH1-2', NULL, NULL, 52),
(524, 'Hommes', 'Simple WH1', 3, 'Lee Sam Seop', 52),
(525, 'Hommes', 'Simple WH2', 2, 'Lucas Mazur', 52),
(526, 'Hommes', 'Simple SL3', 2, 'Didin Taresoh', 52),
(527, 'Hommes', 'Simple SL4', 2, 'Lucas Mazur', 52),
(528, 'Hommes', 'Simple SU5', 2, 'Pramod Bhagat', 52),
(529, 'Hommes', 'Simple SH6', 2, 'Dheva Anrimusthi', 52),
(530, 'Hommes', 'Double WH1-2', NULL, NULL, 52),
(531, 'Mixte', 'Double mixte SL3-SU5', NULL, NULL, 52),
(532, 'Mixte', 'Double mixte SH6', NULL, NULL, 52),
(533, 'Femmes', 'KL1', 65.71, 'Charlotte Henshaw', 53),
(534, 'Femmes', 'KL2', 56.943, 'Emma Wiggs', 53),
(535, 'Femmes', 'KL3', NULL, NULL, 53),
(536, 'Femmes', 'VL2', 54.841, 'Luisa Peters', 53),
(537, 'Femmes', 'VL3', 54.4, 'Brianna Hennessy', 53),
(538, 'Hommes', 'KL1', 52.85, 'Serhii Yemelianov', 53),
(539, 'Hommes', 'KL2', 42.25, 'Martin Farineaux', 53),
(540, 'Hommes', 'KL3', NULL, NULL, 53),
(541, 'Hommes', 'VL2', 47.431, 'Stuart Wood', 53),
(542, 'Hommes', 'VL3', 45.921, 'Tom Kierey', 53),
(543, 'Femmes', 'Course sur route C1-2-3', 4383, 'Carol Cooke', 54),
(544, 'Femmes', 'Course sur route C4-5', 6157, 'Carol Cooke', 54),
(545, 'Femmes', 'Course sur route H1-2', 3651, 'Andrea Eskau', 54),
(546, 'Femmes', 'Course sur route H3', 5821, 'Jill Walsh', 54),
(547, 'Femmes', 'Course sur route H4', 5854, 'Karen Darke', 54),
(548, 'Femmes', 'Course sur route H5', 5147, 'Christiane Reppe', 54),
(549, 'Femmes', 'Course sur route T1-2', 5116, 'Jill Walsh', 54),
(550, 'Femmes', 'Course sur route B', 7516, 'Carol Cooke', 54),
(551, 'Hommes', 'Course sur route C1-2-3', 8960, 'Alex Zanardi', 54),
(552, 'Hommes', 'Course sur route C4-5', 6513, 'Kyle Bridgwood', 54),
(553, 'Hommes', 'Course sur route H1-2', 4842, 'Vico Merklein', 54),
(554, 'Hommes', 'Course sur route H3', 5541, 'Rafal Wilk', 54),
(555, 'Hommes', 'Course sur route H4', 4892, 'Walter Ablinger', 54),
(556, 'Hommes', 'Course sur route H5', 4827, 'Hans-Peter Durst', 54),
(557, 'Hommes', 'Course sur route T1-2', 5606, 'William Groulx', 54),
(558, 'Hommes', 'Course sur route B', 6789, 'Guihua Liang', 54),
(559, 'Femmes', 'Contre la montre C1-2-3', 1508.25, 'Alyda Norbruis', 54),
(560, 'Femmes', 'Contre la montre C4', 1753.8, 'Caroline Groot', 54),
(561, 'Femmes', 'Contre la montre C5', 2604.49, 'Caroline Groot', 54),
(562, 'Femmes', 'Contre la montre H1-2-3', 1392.23, 'Tanni GREY-THOMPSON', 54),
(563, 'Femmes', 'Contre la montre H4-5', 1708.43, 'Jennette JAFFER', 54),
(564, 'Femmes', 'Contre la montre T1-2', 1770.98, 'Susan POWELL', 54),
(565, 'Femmes', 'Contre la montre B', 1738.14, 'Katherine HORAN', 54),
(566, 'Hommes', 'Contre la montre C1', 2077.38, 'Andrea Tarlao', 54),
(567, 'Hommes', 'Contre la montre C2', 1970.73, 'Abraham Gebru', 54),
(568, 'Hommes', 'Contre la montre C3', 1823.35, 'Dorian Foulon', 54),
(569, 'Hommes', 'Contre la montre C4', 1548.07, 'Alexandre Léauté', 54),
(570, 'Hommes', 'Contre la montre C5', 2301.98, 'Tristan Bangma', 54),
(571, 'Hommes', 'Contre la montre H1', 1476.62, 'Tobias Fankhauser', 54),
(572, 'Hommes', 'Contre la montre H2', 1502.05, 'Heinz Frei', 54),
(573, 'Hommes', 'Contre la montre H3', 1547.08, 'Tim de Vries', 54),
(574, 'Hommes', 'Contre la montre H4', 1468.96, 'Roger Bolliger', 54),
(575, 'Hommes', 'Contre la montre H5', 1462.18, 'Jetze Plat', 54),
(576, 'Hommes', 'Contre la montre T1-2', 1715, 'Ryan Boyle', 54),
(577, 'Hommes', 'Contre la montre B', 2082.47, 'Kyle Bridgwood', 54),
(578, 'Mixte', 'Relais par équipe H1-5', NULL, NULL, 54),
(579, 'Hommes', 'Kilometre C1-2-3', 66.899, 'Li Zhangyu', 55),
(580, 'Hommes', 'Kilometre C4-5', 59.436, 'Alfonso Cabello Llamas', 55),
(581, 'Hommes', 'Poursuite C1', 252.931, 'Li Zhangyu', 55),
(582, 'Hommes', 'Poursuite C2', 271.802, 'Ricardo Ten Argiles', 55),
(583, 'Hommes', 'Poursuite C3', 213.371, 'Joseph Berenyi', 55),
(584, 'Hommes', 'Poursuite C4', 262.819, 'Jody Cundy', 55),
(585, 'Hommes', 'Poursuite C5', 249.579, 'Ricardo Ten Argiles', 55),
(586, 'Hommes', 'Poursuite B', 193.41, 'Katie-George Dunlevy et Eve McCrystal', 55),
(587, 'Hommes', 'Kilometre B', 59.972, 'Alistair Donohoe', 55),
(588, 'Femmes', '500m C1-2-3', 40.582, 'Xiaomei Wang', 55),
(589, 'Femmes', '500m C4-5', 35.425, 'Caroline Groot', 55),
(590, 'Femmes', 'Poursuite C4', 233.654, 'Samantha Bosco', 55),
(591, 'Femmes', 'Poursuite C5', 227.463, 'Sarah Storey', 55),
(592, 'Femmes', 'Poursuite B', 220.611, 'Tristan Bangma et Patrick Bos', 55),
(593, 'Femmes', 'Kilometre B', 186.11, 'Paige Greco', 55),
(594, 'Mixte', 'Sprint par équipe C1-5', 48.635, 'Jennette Jansen, Alyda Norbruis, Caroline Groot', 55),
(595, 'Mixte', 'Grand Prix individuel grade I', 3, 'Sophie Christiansen', 56),
(596, 'Mixte', 'Grand Prix individuel grade II', 3, 'Pepo Puch', 56),
(597, 'Mixte', 'Grand Prix individuel grade III', 2, 'Hannelore Brenner', 56),
(598, 'Mixte', 'Grand Prix individuel grade IV', 5, 'Lee Pearson', 56),
(599, 'Mixte', 'Grand Prix individuel grade V', NULL, NULL, 56),
(600, 'Mixte', 'Grand Prix par équipe – Open', 4, 'Huyen Nguyen Thi Lan', 56),
(601, 'Mixte', 'Grand Prix libre individuel grade I', 3, 'Sophie Christiansen', 56),
(602, 'Mixte', 'Grand Prix libre individuel grade II', 3, 'Laurentia Tan', 56),
(603, 'Mixte', 'Grand Prix libre individuel grade III', 5, 'Sophie Christiansen', 56),
(604, 'Mixte', 'Grand Prix libre individuel grade IV', 4, 'Frank Hosmar', 56),
(605, 'Mixte', 'Grand Prix libre individuel grade V', 5, 'Pepo Puch', 56),
(606, 'Femmes', 'Moins de 41kg', 106, 'Cui Zhe', 57),
(607, 'Femmes', 'Moins de 45kg', 103, 'Lin Tzu-Hui', 57),
(608, 'Femmes', 'Moins de 50kg', 104, 'Nazmiye Muratli', 57),
(609, 'Femmes', 'Moins 55kg', 88, 'Zoe Newson', 57),
(610, 'Femmes', 'Moins de 61kg', 142, 'Lucy Ejike', 57),
(611, 'Femmes', 'Moins de 67kg', 142, 'Besra Duman', 57),
(612, 'Femmes', 'Moins de 73kg', 130, 'Amalia Perez', 57),
(613, 'Femmes', 'Moins de 79kg', NULL, NULL, 57),
(614, 'Femmes', 'Moins de 86kg', NULL, NULL, 57),
(615, 'Femmes', 'Plus de 86kg', 145, 'Amalia Perez', 57),
(616, 'Hommes', 'Moins de 49kg', 181, 'Le Van Cong', 57),
(617, 'Hommes', 'Moins de 54kg', 180, 'Rasool Mohsin', 57),
(618, 'Hommes', 'Moins de 59kg', 200, 'Omar Qarada', 57),
(619, 'Hommes', 'Moins de 65kg', 190, 'Ali Jawad ', 57),
(620, 'Hommes', 'Moins de 72kg', 130, 'Amalia Perez', 57),
(621, 'Hommes', 'Moins de 80kg', 210, 'Omar Sami Hamadeh Qarada', 57),
(622, 'Hommes', 'Moins de 88kg', 220, 'Roland Ezuruike', 57),
(623, 'Hommes', 'Moins de 97kg', 190, 'Ali Jawad', 57),
(624, 'Hommes', 'Moins de 107kg', NULL, NULL, 57),
(625, 'Hommes', 'Plus de 107kg', 310, 'Siamand Rahman', 57),
(626, 'Femmes', 'Moins 48kg', 2, 'Ami Kondo', 58),
(627, 'Femmes', 'Moins 57kg', 2, 'Sandrine Martinet', 58),
(628, 'Femmes', 'Moins 70kg', 2, 'Alana Maldonado', 58),
(629, 'Femmes', 'Plus 70kg', 3, 'Idalys Ortiz', 58),
(630, 'Hommes', 'Moins 60kg', 2, 'Gankhuyag Gan-Erdene', 58),
(631, 'Hommes', 'Moins 73kg', 2, 'Choi Gwang-geun', 58),
(632, 'Hommes', 'Moins 90kg', 2, 'Masayuki Terada', 58),
(633, 'Hommes', 'Plus 90kg', 2, 'Gennadii Babanin', 58),
(634, 'Femmes', '50m nage libre S4', 66.95, 'Arjola Trimi', 59),
(635, 'Femmes', '50m nage libre S10', 27.91, 'Sophie Pascoe', 59),
(636, 'Femmes', '50m nage libre S11', 27.38, ' Carlotta Gilli', 59),
(637, 'Femmes', '50m nage libre S13', 25.02, 'Keiichi Kimura', 59),
(638, 'Hommes', '50m nage libre S4', 32.65, 'Zhu Hongzhang', 59),
(639, 'Hommes', '50m nage libre S10', 22.23, 'Maksym Krypak', 59),
(640, 'Hommes', '50m nage libre S11', 23.68, 'Ihar Boki', 59),
(641, 'Hommes', '50m nage libre S13', 22.17, 'Maksym Krypak', 59),
(642, 'Femmes', '50m nage libre S6', 35.27, 'Eleanor Simmonds', 59),
(643, 'Femmes', '50m nage libre S8', 28.56, 'Jessica Long', 59),
(644, 'Hommes', '50m nage libre S3', 41.09, 'Li Xiaohong', 59),
(645, 'Hommes', '50m nage libre S5', 30.18, 'Benoit Huot', 59),
(646, 'Hommes', '50m nage libre S7', 28.76, 'Daniel Dias', 59),
(647, 'Hommes', '50m nage libre S9', 24.16, 'Simone Barlaam', 59),
(648, 'Femmes', '100m nage libre S3', 128.8, 'Giulia Ghiretti', 59),
(649, 'Femmes', '100m nage libre S7', 69.9, 'Morgan Stickney', 59),
(650, 'Femmes', '100m nage libre S9', 62.58, 'Zsofia Konkoly', 59),
(651, 'Femmes', '100m nage libre S11', 60.27, 'Liesette Bruinsma', 59),
(652, 'Hommes', '100m nage libre S4', 72.37, 'Roy Perkins', 59),
(653, 'Hommes', '100m nage libre S6', 73.13, 'Yevheniy Bohodayko', 59),
(654, 'Hommes', '100m nage libre S8', 56.58, 'Andre Brasil', 59),
(655, 'Femmes', '100m nage libre S5', 72.91, 'Sophie Pascoe', 59),
(656, 'Femmes', '100m nage libre S10', 59.22, 'Sophie Pascoe', 59),
(657, 'Femmes', '100m nage libre S12', 59.67, 'Anna Stetsenko', 59),
(658, 'Hommes', '100m nage libre S5', 65.8, 'Benoit Huot', 59),
(659, 'Hommes', '100m nage libre S10', 50.58, 'Ihar Boki', 59),
(660, 'Hommes', '100m nage libre S12', 51.15, 'Maksym Krypak', 59),
(661, 'Hommes', '200m nage libre S2', 230.47, 'Jiang Shengnan', 59),
(662, 'Hommes', '200m nage libre S3', 196.57, 'Feng Yazhu', 59),
(663, 'Hommes', '200m nage libre S4', 158.78, 'Roy Perkins', 59),
(664, 'Femmes', '200m nage libre S5', 153.59, 'Zsofia Konkoly', 59),
(665, 'Femmes', '200m nage libre S14', 125.3, 'Jessica-Jane Applegate', 59),
(666, 'Hommes', '200m nage libre S5', 142.72, 'Benoit Huot', 59),
(667, 'Hommes', '200m nage libre S14', 112.5, 'Maxim Krypak', 59),
(668, 'Femmes', '400m nage libre S10', 265.31, 'Sophie Pascoe', 59),
(669, 'Femmes', '400m nage libre S6', 365.13, 'Eleanor Simmonds', 59),
(670, 'Femmes', '400m nage libre S7', 328.13, 'Morgan Stickney', 59),
(671, 'Femmes', '400m nage libre S8', 291.38, 'Jessica Long', 59),
(672, 'Femmes', '400m nage libre S9', 288.31, 'Zsofia Konkoly', 59),
(673, 'Femmes', '400m nage libre S11', 307.01, 'Carlotta Gilli', 59),
(674, 'Femmes', '400m nage libre S13', 268.6, 'Cecilia Camellini', 59),
(675, 'Hommes', '400m nage libre S6', 320.97, 'Yevheniy Bohodayko', 59),
(676, 'Hommes', '400m nage libre S7', 292.96, 'Daniel Dias', 59),
(677, 'Hommes', '400m nage libre S8', 266.3, 'Ihar Boki', 59),
(678, 'Hommes', '400m nage libre S9', 260.93, 'Ihar Boki', 59),
(679, 'Hommes', '400m nage libre S11', 249.06, 'Maksym Krypak', 59),
(680, 'Hommes', '400m nage libre S13', 236.57, 'Ihar Boki', 59),
(681, 'Femmes', '50m dos S2', 64.22, 'Song Lingling', 59),
(682, 'Femmes', '50m dos S3', 60.63, 'Olga Sviderska', 59),
(683, 'Femmes', '50m dos S4', 56.22, 'Teresa Perales', 59),
(684, 'Femmes', '50m dos S5', 42.23, 'Yelyzaveta Mereshko', 59),
(685, 'Hommes', '50m dos S2', 47.79, 'Zsolt Vereczkei', 59),
(686, 'Hommes', '50m dos S3', 50.08, 'Arnost Petracek', 59),
(687, 'Hommes', '50m dos S4', 38.27, 'Andrei Granichka', 59),
(688, 'Hommes', '50m dos S5', 33.09, 'Ihar Boki', 59),
(689, 'Hommes', '50m dos S1', 67.12, 'Serhii Palamarchuk', 59),
(690, 'Femmes', '100m dos S2', 134.16, 'Qing Xu', 59),
(691, 'Femmes', '100m dos S6', 86.98, 'Nuria Marques Soto', 59),
(692, 'Femmes', '100m dos S8', 71.64, 'Kateryna Istomina', 59),
(693, 'Femmes', '100m dos S9', 72.97, 'Zsofia Konkoly', 59),
(694, 'Femmes', '100m dos S10', 66.27, 'Chantalle Zijderveld', 59),
(695, 'Femmes', '100m dos S11', 99.6, 'Dong Lu', 59),
(696, 'Femmes', '100m dos S12', 72.33, 'Miyuki Yamada', 59),
(697, 'Femmes', '100m dos S13', 66.31, 'Kateryna Istomina', 59),
(698, 'Femmes', '100m dos S14', 66.24, 'Jessica-Jane Applegate', 59),
(699, 'Hommes', '100m dos S2', 69.28, 'Feng Yazhuo', 59),
(700, 'Hommes', '100m dos S6', 68.6, 'Ihar Boki', 59),
(701, 'Hommes', '100m dos S8', 61.58, 'Oliver Carter', 59),
(702, 'Hommes', '100m dos S9', 63.57, 'Yevheniy Bohodayko', 59),
(703, 'Hommes', '100m dos S10', 58.91, 'Maksym Krypak', 59),
(704, 'Hommes', '100m dos S11', 68.59, 'Ihar Boki', 59),
(705, 'Hommes', '100m dos S12', 59.72, 'Illia Tkachenko', 59),
(706, 'Hommes', '100m dos S13', 56.44, 'Logan Powell', 59),
(707, 'Hommes', '100m dos S14', 59.6, 'Andrew Mullen', 59),
(708, 'Hommes', '100m dos S1', 140.91, 'Han Peng', 59),
(709, 'Hommes', '100m dos S7', 64.64, 'Simone Barlaam', 59),
(710, 'Femmes', '50m brasse SB3', 129.18, 'Song Lingling', 59),
(711, 'Hommes', '50m brasse SB3', 95.01, 'Huang Wenpan', 59),
(712, 'Hommes', '50m brasse SB2', 109.27, 'Dmitrii Kokarev', 59),
(713, 'Femmes', '100m brasse SB4', 126.17, 'Mariia Lafina', 59),
(714, 'Femmes', '100m brasse SB5', 111.73, 'Teresa Perales', 59),
(715, 'Femmes', '100m brasse SB6', 115.83, 'Wenpan Huang', 59),
(716, 'Femmes', '100m brasse SB8', 83.78, 'Katarina Roxon', 59),
(717, 'Femmes', '100m brasse SB9', 83.68, 'Zsofia Konkoly', 59),
(718, 'Femmes', '100m brasse SB11', 80.84, 'Maja Reichard', 59),
(719, 'Femmes', '100m brasse SB13', 74.47, 'Tiffany Thomas Kane', 59),
(720, 'Femmes', '100m brasse SB14', 70.73, 'Jessica-Jane Applegate', 59),
(721, 'Hommes', '100m brasse SB4', 96.59, 'Wang Yinan', 59),
(722, 'Hommes', '100m brasse SB5', 87.61, 'Yang Guanglong', 59),
(723, 'Hommes', '100m brasse SB6', 87, 'Nelson Crispin', 59),
(724, 'Hommes', '100m brasse SB8', 75.83, 'Tyler Mrak', 59),
(725, 'Hommes', '100m brasse SB9', 72.58, 'Ievgenii Bogodaiko', 59),
(726, 'Hommes', '100m brasse SB11', 74.81, 'Soo-gil Kim', 59),
(727, 'Hommes', '100m brasse SB13', 63.92, 'David Levecq', 59),
(728, 'Hommes', '100m brasse SB14', 65.57, 'Reece Dunn', 59),
(729, 'Hommes', '100m brasse SB3', 95.01, 'Huang Wenpan', 59),
(730, 'Femmes', '100m brasse SB7', 109.26, 'Liwen Cai', 59),
(731, 'Femmes', '100m brasse SB12', 79.43, 'Lisa Kruger', 59),
(732, 'Femmes', '50m papillon S5', 35.94, 'Sarai Gascon', 59),
(733, 'Femmes', '50m papillon S6', 34.68, 'Yelyzaveta Mereshko', 59),
(734, 'Femmes', '50m papillon S7', 34.7, 'Chen Yinan', 59),
(735, 'Hommes', '50m papillon S5', 32.21, 'Roy Perkins', 59),
(736, 'Hommes', '50m papillon S6', 29.31, 'Andrii Trusov', 59),
(737, 'Hommes', '50m papillon S7', 28.27, 'Ievgenii Bogodaiko', 59),
(738, 'Femmes', '100m papillon S8', 68.95, 'Sophie Pascoe', 59),
(739, 'Femmes', '100m papillon S9', 70.09, 'Yelyzaveta Mereshko', 59),
(740, 'Femmes', '100m papillon S10', 66.62, 'Louise Fiddes', 59),
(741, 'Femmes', '100m papillon S13', 64.17, 'Jessica Long', 59),
(742, 'Femmes', '100m papillon S14', 64.2, 'Louise Fiddes', 59),
(743, 'Hommes', '100m papillon S8', 57.19, 'David Smetanine', 59),
(744, 'Hommes', '100m papillon S9', 59.02, 'Andriy Trusov', 59),
(745, 'Hommes', '100m papillon S10', 57.42, 'Maksym Krypak', 59),
(746, 'Hommes', '100m papillon S13', 59.07, 'Ihar Boki', 59),
(747, 'Hommes', '100m papillon S14', 58.22, 'Andrei Granichka', 59),
(748, 'Hommes', '100m papillon S11', 77.5, 'Ievgenii Bogodaiko', 59),
(749, 'Hommes', '100m papillon S12', 58.86, 'Maksym Veraska', 59),
(750, 'Hommes', '150m medley individuel SM3', 199.14, 'Taliso Engel', 59),
(751, 'Femmes', '150m medley individuel SM4', 218.67, 'Liu Daomin', 59),
(752, 'Hommes', '150m medley individuel SM4', 175.45, 'Wang Yinan', 59),
(753, 'Femmes', '200m medley individuel SM6', 208.75, 'Li Hanxi', 59),
(754, 'Femmes', '200m medley individuel SM7', 185.05, 'Maisie Summers-Newton', 59),
(755, 'Femmes', '200m medley individuel SM8', 185.18, 'Yang Hong', 59),
(756, 'Femmes', '200m medley individuel SM9', 166.7, 'Sarai Gascón', 59),
(757, 'Femmes', '200m medley individuel SM10', 144.9, 'Sophie Pascoe', 59),
(758, 'Femmes', '200m medley individuel SM11', 165.02, 'Kateryna Istomina', 59),
(759, 'Femmes', '200m medley individuel SM13', 165.49, 'Yelyzaveta Mereshko', 59),
(760, 'Femmes', '200m medley individuel SM14', 147.73, 'Jessica Long', 59),
(761, 'Hommes', '200m medley individuel SM6', 162.04, 'Wang Lichao', 59),
(762, 'Hommes', '200m medley individuel SM7', 155.82, 'Zhu Hongyan', 59),
(763, 'Hommes', '200m medley individuel SM8', 144.71, 'Wang Yule', 59),
(764, 'Hommes', '200m medley individuel SM9', 136.09, 'Ugo Didier', 59),
(765, 'Hommes', '200m medley individuel SM10', 127.9, 'Andrei Granichka', 59),
(766, 'Hommes', '200m medley individuel SM11', 143.59, 'Maksym Krypak', 59),
(767, 'Hommes', '200m medley individuel SM13', 125.49, 'Ihar Boki', 59),
(768, 'Hommes', '200m medley individuel SM14', 126.95, 'Mark Malia', 59),
(769, 'Femmes', '200m medley individuel SM5', 213.58, 'Jiao Chengbing', 59),
(770, 'Femmes', 'K44 moins 47kg', NULL, NULL, 60),
(771, 'Femmes', 'K44 moins 52kg', NULL, NULL, 60),
(772, 'Femmes', 'K44 moins 57kg', NULL, NULL, 60),
(773, 'Femmes', 'K44 moins 65kg', NULL, NULL, 60),
(774, 'Femmes', 'K44 plus 65kg', NULL, NULL, 60),
(775, 'Hommes', 'K44 moins 58kg', NULL, NULL, 60),
(776, 'Hommes', 'K44 moins 63kg', NULL, NULL, 60),
(777, 'Hommes', 'K44 moins 70kg', NULL, NULL, 60),
(778, 'Hommes', 'K44 moins 80kg', NULL, NULL, 60),
(779, 'Hommes', 'K44 plus 80kg', NULL, NULL, 60),
(780, 'Hommes', 'Simple classe 1', 5, 'Ping Yuen Ng', 61),
(781, 'Hommes', 'Simple classe 2', 4, 'Jochen Wollmert', 61),
(782, 'Hommes', 'Simple classe 3', 3, 'Holger Nikelis', 61),
(783, 'Hommes', 'Simple classe 4', 3, 'Guo Yanhao', 61),
(784, 'Hommes', 'Simple classe 5', 4, 'Natalia Partyka', 61),
(785, 'Hommes', 'Simple classe 6', 1, 'Jochen Wollmert', 61),
(786, 'Hommes', 'Simple classe 7', 2, 'David Wetherill', 61),
(787, 'Hommes', 'Simple classe 8', 2, 'Geir Jordet', 61),
(788, 'Hommes', 'Simple classe 9', 1, 'Jean-François Ducay', 61),
(789, 'Hommes', 'Simple classe 10', 1, 'Stéphane Messi', 61),
(790, 'Hommes', 'Simple classe 11', 2, 'Laurent Giammartini', 61),
(791, 'Femmes', 'Simple classe 1', NULL, NULL, 61),
(792, 'Femmes', 'Simple classe 2', NULL, NULL, 61),
(793, 'Femmes', 'Simple classe 3', 3, 'Wang Rui', 61),
(794, 'Femmes', 'Simple classe 4', 3, 'Natalia Partyka', 61),
(795, 'Femmes', 'Simple classe 5', 3, 'Mao Jingdian', 61),
(796, 'Femmes', 'Simple classe 6', 2, 'Mao Jingdian', 61),
(797, 'Femmes', 'Simple classe 7', 2, 'Jana Legnerová', 61),
(798, 'Femmes', 'Simple classe 8', 2, 'Anke Schlüter', 61),
(799, 'Femmes', 'Simple classe 9', 3, 'Li Qian', 61),
(800, 'Femmes', 'Simple classe 10', 1, 'Natalia Partyka', 61),
(801, 'Femmes', 'Simple classe 11', 1, 'Pamela Pezzutto', 61),
(802, 'Hommes', 'Double MW4', 2, 'David Wetherill (Royaume-Uni) et Paul Karabardak (Royaume-Uni)', 61),
(803, 'Hommes', 'Double MW8', 2, 'Thomas Brüchle (Allemagne) et Thomas Schmidberger (Allemagne)', 61),
(804, 'Hommes', 'Double MS14', 2, 'Liao Keli (Chine) et Su Guobin (Chine)', 61),
(805, 'Hommes', 'Double MS18', 3, 'Feng Panfeng (Chine) et Zhao Shuai (Chine)', 61),
(806, 'Femmes', 'Double WW5', 2, 'Daniela Di Toro (Australie) et Sharon Jarvis (Australie)', 61),
(807, 'Femmes', 'Double WW10', 3, 'Ma Lin (Chine) et Yang Qian (Chine)', 61),
(808, 'Femmes', 'Double WS14', 2, 'Zhang Bian (Chine) et Yao Juan (Chine)', 61),
(809, 'Femmes', 'Double WS20', 3, 'Yang Qianhua (Chine) et Zhang Bian (Chine)', 61),
(810, 'Mixte', 'Double XW7', 2, 'Gu Gai (Chine) et Yang Qing (Chine)', 61),
(811, 'Mixte', 'Double XS17', 2, 'Rungroj Thainiyom (Thaïlande) et Dararat Asayut (Thaïlande)', 61),
(812, 'Femmes', 'Individuel W1', 614, 'Lia Coryell', 62),
(813, 'Hommes', 'Individuel W1', 671, 'Harvinder Singh', 62),
(814, 'Mixte', 'Individuel W1', 1963, 'Roman Bondaruk, Stepanida Artakhinova, Andrey Loginov', 62),
(815, 'Femmes', 'Individuel compound open', 704, 'Jessica Stretton', 62),
(816, 'Hommes', 'Individuel compound open', 711, 'Andre Shelby', 62),
(817, 'Mixte', 'Individuel compound open', 2344, 'Andre Shelby, Eric Bennett, Ben Thompson', 62),
(818, 'Femmes', 'Individuel recurve open', 670, 'Wu Chunyan', 62),
(819, 'Hommes', 'Individuel recurve open', 704, 'David Drahoninsky', 62),
(820, 'Mixte', 'Individuel recurve open', 1967, 'Li Jie, Lin Yueshan, Zhou Jiamin', 62),
(821, 'Hommes', 'R1 10m carabine à balles position debout SH1', 632.2, 'Vasyl Kovalchuk', 63),
(822, 'Hommes', 'R7 50m carabine 3 positions SH1', 457.9, 'Yang Chao', 63),
(823, 'Hommes', 'P1 10m pistolet à balles SH1', 236.8, 'Abdulla Sultan Alaryani', 63),
(824, 'Femmes', 'R2 10m carabine à balles position debout SH1', NULL, NULL, 63),
(825, 'Femmes', 'R8 50m carabine 3 positions SH1', 458.8, 'Veronika Vadovicova', 63),
(826, 'Femmes', 'P2 10m pistolet à balles SH1', 230.9, 'Zhang Cuiping', 63),
(827, 'Mixte', 'R3 10m carabine à balles position couché SH1', 632.3, 'Vasyl Kovalchuk', 63),
(828, 'Mixte', 'R4 10m carabine à balles position debout SH2', 253.6, 'Vasyl Kovalchuk', 63),
(829, 'Mixte', 'R5 10m carabine à balles position couché SH2', 634.5, 'Abdulla Sultan Alaryani', 63),
(830, 'Mixte', 'R6 50m carabine position couché SH1', 253.0, 'Vasyl Kovalchuk', 63),
(831, 'Mixte', 'R9 50m carabine position couché SH2', 252.8, 'Laslo Suranji', 63),
(832, 'Mixte', 'P3 25m pistolet SH1', 570, 'Oleksii Denysiuk', 63),
(833, 'Mixte', 'P4 50m pistolet SH1', 558, 'Laslo Suranji', 63),
(834, 'Femmes', 'PTWC', 4538, 'Lauren Parker', 64),
(835, 'Femmes', 'PTS2', 5089, 'Alisa Kolpakchy', 64),
(836, 'Femmes', 'PTS4', 4198, 'Claire Cashmore', 64),
(837, 'Femmes', 'PTS5', 3889, 'Grace Norman', 64),
(838, 'Femmes', 'PTVI', 4186, 'Susana Rodriguez', 64),
(839, 'Hommes', 'PTWC', 3363, 'Jetze Plat', 64),
(840, 'Hommes', 'PTS2', 3622, 'Andrew Lewis', 64),
(841, 'Hommes', 'PTS4', 3411, 'Martin Schulz', 64),
(842, 'Hommes', 'PTS5', 3223, 'Stefan Daniel', 64),
(843, 'Hommes', 'PTVI', 3376, 'Héctor Catalá Laparra', 64),
(844, 'Hommes', 'PTS3 ', 4086, 'Vasilii Egorov', 64),
(845, 'Hommes', 'Tournoi 8 équipe', 3, 'Équipe d’Australie', 65),
(846, 'Femmes', 'Tournoi 8 équipe', 3, 'Équipe d’Américain', 65),
(847, 'Femmes', 'Simple', 7, 'Esther Vergeer', 66),
(848, 'Femmes', 'Double', 3, 'Jiske Griffioen et Aniek van Koot (Pays-Bas)', 66),
(849, 'Hommes', 'Simple', 6, 'Shingo Kunieda', 66),
(850, 'Hommes', 'Double', 3, 'Robin Ammerlaan et Ronald Vink (Pays-Bas)', 66),
(851, 'Mixte', 'Simple squad', NULL, NULL, 66),
(852, 'Mixte', 'Double squad', 3, 'Esther Vergeer et Robin Ammerlaan (Pays-Bas)', 66),
(853, 'Femmes', 'Tournoi 8 équipes', 4, 'Équipe de Chine', 67),
(854, 'Hommes', 'Tournoi 8 équipes', 4, 'Équipe d’Iran', 67);


-- Insertion des tuples dans la table Médaille
INSERT INTO Médaille (ID_Médaille, Couleur_Médaille, ID_Épreuve, ID_Athlète) VALUES
(1, 'Or', 1, NULL),
(2, 'Argent', 1, NULL),
(3, 'Bronze', 1, NULL),
(4, 'Or', 2, NULL),
(5, 'Argent', 2, NULL),
(6, 'Bronze', 2, NULL),
(7, 'Or', 3, NULL),
(8, 'Argent', 3, NULL),
(9, 'Bronze', 3, NULL),
(10, 'Or', 4, NULL),
(11, 'Argent', 4, NULL),
(12, 'Bronze', 4, NULL),
(13, 'Or', 5, NULL),
(14, 'Argent', 5, NULL),
(15, 'Bronze', 5, NULL),
(16, 'Or', 6, NULL),
(17, 'Argent', 6, NULL),
(18, 'Bronze', 6, NULL),
(19, 'Or', 7, NULL),
(20, 'Argent', 7, NULL),
(21, 'Bronze', 7, NULL),
(22, 'Or', 8, NULL),
(23, 'Argent', 8, NULL),
(24, 'Bronze', 8, NULL),
(25, 'Or', 9, NULL),
(26, 'Argent', 9, NULL),
(27, 'Bronze', 9, NULL),
(28, 'Or', 10, NULL),
(29, 'Argent', 10, NULL),
(30, 'Bronze', 10, NULL),
(31, 'Or', 11, NULL),
(32, 'Argent', 11, NULL),
(33, 'Bronze', 11, NULL),
(34, 'Or', 12, NULL),
(35, 'Argent', 12, NULL),
(36, 'Bronze', 12, NULL),
(37, 'Or', 13, NULL),
(38, 'Argent', 13, NULL),
(39, 'Bronze', 13, NULL),
(40, 'Or', 14, NULL),
(41, 'Argent', 14, NULL),
(42, 'Bronze', 14, NULL),
(43, 'Or', 15, NULL),
(44, 'Argent', 15, NULL),
(45, 'Bronze', 15, NULL),
(46, 'Or', 16, NULL),
(47, 'Argent', 16, NULL),
(48, 'Bronze', 16, NULL),
(49, 'Or', 17, NULL),
(50, 'Argent', 17, NULL),
(51, 'Bronze', 17, NULL),
(52, 'Or', 18, NULL),
(53, 'Argent', 18, NULL),
(54, 'Bronze', 18, NULL),
(55, 'Or', 19, NULL),
(56, 'Argent', 19, NULL),
(57, 'Bronze', 19, NULL),
(58, 'Or', 20, NULL),
(59, 'Argent', 20, NULL),
(60, 'Bronze', 20, NULL),
(61, 'Or', 21, NULL),
(62, 'Argent', 21, NULL),
(63, 'Bronze', 21, NULL),
(64, 'Or', 22, NULL),
(65, 'Argent', 22, NULL),
(66, 'Bronze', 22, NULL),
(67, 'Or', 23, NULL),
(68, 'Argent', 23, NULL),
(69, 'Bronze', 23, NULL),
(70, 'Or', 24, NULL),
(71, 'Argent', 24, NULL),
(72, 'Bronze', 24, NULL),
(73, 'Or', 25, NULL),
(74, 'Argent', 25, NULL),
(75, 'Bronze', 25, NULL),
(76, 'Or', 26, NULL),
(77, 'Argent', 26, NULL),
(78, 'Bronze', 26, NULL),
(79, 'Or', 27, NULL),
(80, 'Argent', 27, NULL),
(81, 'Bronze', 27, NULL),
(82, 'Or', 28, NULL),
(83, 'Argent', 28, NULL),
(84, 'Bronze', 28, NULL),
(85, 'Or', 29, NULL),
(86, 'Argent', 29, NULL),
(87, 'Bronze', 29, NULL),
(88, 'Or', 30, NULL),
(89, 'Argent', 30, NULL),
(90, 'Bronze', 30, NULL),
(91, 'Or', 31, NULL),
(92, 'Argent', 31, NULL),
(93, 'Bronze', 31, NULL),
(94, 'Or', 32, NULL),
(95, 'Argent', 32, NULL),
(96, 'Bronze', 32, NULL),
(97, 'Or', 33, NULL),
(98, 'Argent', 33, NULL),
(99, 'Bronze', 33, NULL),
(100, 'Or', 34, NULL),
(101, 'Argent', 34, NULL),
(102, 'Bronze', 34, NULL),
(103, 'Or', 35, NULL),
(104, 'Argent', 35, NULL),
(105, 'Bronze', 35, NULL),
(106, 'Or', 36, NULL),
(107, 'Argent', 36, NULL),
(108, 'Bronze', 36, NULL),
(109, 'Or', 37, NULL),
(110, 'Argent', 37, NULL),
(111, 'Bronze', 37, NULL),
(112, 'Or', 38, NULL),
(113, 'Argent', 38, NULL),
(114, 'Bronze', 38, NULL),
(115, 'Or', 39, NULL),
(116, 'Argent', 39, NULL),
(117, 'Bronze', 39, NULL),
(118, 'Or', 40, NULL),
(119, 'Argent', 40, NULL),
(120, 'Bronze', 40, NULL),
(121, 'Or', 41, NULL),
(122, 'Argent', 41, NULL),
(123, 'Bronze', 41, NULL),
(124, 'Or', 42, NULL),
(125, 'Argent', 42, NULL),
(126, 'Bronze', 42, NULL),
(127, 'Or', 43, NULL),
(128, 'Argent', 43, NULL),
(129, 'Bronze', 43, NULL),
(130, 'Or', 44, NULL),
(131, 'Argent', 44, NULL),
(132, 'Bronze', 44, NULL),
(133, 'Or', 45, NULL),
(134, 'Argent', 45, NULL),
(135, 'Bronze', 45, NULL),
(136, 'Or', 46, NULL),
(137, 'Argent', 46, NULL),
(138, 'Bronze', 46, NULL),
(139, 'Or', 47, NULL),
(140, 'Argent', 47, NULL),
(141, 'Bronze', 47, NULL),
(142, 'Or', 48, NULL),
(143, 'Argent', 48, NULL),
(144, 'Bronze', 48, NULL),
(145, 'Or', 49, NULL),
(146, 'Argent', 49, NULL),
(147, 'Bronze', 49, NULL),
(148, 'Or', 50, NULL),
(149, 'Argent', 50, NULL),
(150, 'Bronze', 50, NULL),
(151, 'Or', 51, NULL),
(152, 'Argent', 51, NULL),
(153, 'Bronze', 51, NULL),
(154, 'Or', 52, NULL),
(155, 'Argent', 52, NULL),
(156, 'Bronze', 52, NULL),
(157, 'Or', 53, NULL),
(158, 'Argent', 53, NULL),
(159, 'Bronze', 53, NULL),
(160, 'Or', 54, NULL),
(161, 'Argent', 54, NULL),
(162, 'Bronze', 54, NULL),
(163, 'Or', 55, NULL),
(164, 'Argent', 55, NULL),
(165, 'Bronze', 55, NULL),
(166, 'Or', 56, NULL),
(167, 'Argent', 56, NULL),
(168, 'Bronze', 56, NULL),
(169, 'Or', 57, NULL),
(170, 'Argent', 57, NULL),
(171, 'Bronze', 57, NULL),
(172, 'Or', 58, NULL),
(173, 'Argent', 58, NULL),
(174, 'Bronze', 58, NULL),
(175, 'Or', 59, NULL),
(176, 'Argent', 59, NULL),
(177, 'Bronze', 59, NULL),
(178, 'Or', 60, NULL),
(179, 'Argent', 60, NULL),
(180, 'Bronze', 60, NULL),
(181, 'Or', 61, NULL),
(182, 'Argent', 61, NULL),
(183, 'Bronze', 61, NULL),
(184, 'Or', 62, NULL),
(185, 'Argent', 62, NULL),
(186, 'Bronze', 62, NULL),
(187, 'Or', 63, NULL),
(188, 'Argent', 63, NULL),
(189, 'Bronze', 63, NULL),
(190, 'Or', 64, NULL),
(191, 'Argent', 64, NULL),
(192, 'Bronze', 64, NULL),
(193, 'Or', 65, NULL),
(194, 'Argent', 65, NULL),
(195, 'Bronze', 65, NULL),
(196, 'Or', 66, NULL),
(197, 'Argent', 66, NULL),
(198, 'Bronze', 66, NULL),
(199, 'Or', 67, NULL),
(200, 'Argent', 67, NULL),
(201, 'Bronze', 67, NULL),
(202, 'Or', 68, NULL),
(203, 'Argent', 68, NULL),
(204, 'Bronze', 68, NULL),
(205, 'Or', 69, NULL),
(206, 'Argent', 69, NULL),
(207, 'Bronze', 69, NULL),
(208, 'Or', 70, NULL),
(209, 'Argent', 70, NULL),
(210, 'Bronze', 70, NULL),
(211, 'Or', 71, NULL),
(212, 'Argent', 71, NULL),
(213, 'Bronze', 71, NULL),
(214, 'Or', 72, NULL),
(215, 'Argent', 72, NULL),
(216, 'Bronze', 72, NULL),
(217, 'Or', 73, NULL),
(218, 'Argent', 73, NULL),
(219, 'Bronze', 73, NULL),
(220, 'Or', 74, NULL),
(221, 'Argent', 74, NULL),
(222, 'Bronze', 74, NULL),
(223, 'Or', 75, NULL),
(224, 'Argent', 75, NULL),
(225, 'Bronze', 75, NULL),
(226, 'Or', 76, NULL),
(227, 'Argent', 76, NULL),
(228, 'Bronze', 76, NULL),
(229, 'Or', 77, NULL),
(230, 'Argent', 77, NULL),
(231, 'Bronze', 77, NULL),
(232, 'Or', 78, NULL),
(233, 'Argent', 78, NULL),
(234, 'Bronze', 78, NULL),
(235, 'Or', 79, NULL),
(236, 'Argent', 79, NULL),
(237, 'Bronze', 79, NULL),
(238, 'Or', 80, NULL),
(239, 'Argent', 80, NULL),
(240, 'Bronze', 80, NULL),
(241, 'Or', 81, NULL),
(242, 'Argent', 81, NULL),
(243, 'Bronze', 81, NULL),
(244, 'Or', 82, NULL),
(245, 'Argent', 82, NULL),
(246, 'Bronze', 82, NULL),
(247, 'Or', 83, NULL),
(248, 'Argent', 83, NULL),
(249, 'Bronze', 83, NULL),
(250, 'Or', 84, NULL),
(251, 'Argent', 84, NULL),
(252, 'Bronze', 84, NULL),
(253, 'Or', 85, NULL),
(254, 'Argent', 85, NULL),
(255, 'Bronze', 85, NULL),
(256, 'Or', 86, NULL),
(257, 'Argent', 86, NULL),
(258, 'Bronze', 86, NULL),
(259, 'Or', 87, NULL),
(260, 'Argent', 87, NULL),
(261, 'Bronze', 87, NULL),
(262, 'Or', 88, NULL),
(263, 'Argent', 88, NULL),
(264, 'Bronze', 88, NULL),
(265, 'Or', 89, NULL),
(266, 'Argent', 89, NULL),
(267, 'Bronze', 89, NULL),
(268, 'Or', 90, NULL),
(269, 'Argent', 90, NULL),
(270, 'Bronze', 90, NULL),
(271, 'Or', 91, NULL),
(272, 'Argent', 91, NULL),
(273, 'Bronze', 91, NULL),
(274, 'Or', 92, NULL),
(275, 'Argent', 92, NULL),
(276, 'Bronze', 92, NULL),
(277, 'Or', 93, NULL),
(278, 'Argent', 93, NULL),
(279, 'Bronze', 93, NULL),
(280, 'Or', 94, NULL),
(281, 'Argent', 94, NULL),
(282, 'Bronze', 94, NULL),
(283, 'Or', 95, NULL),
(284, 'Argent', 95, NULL),
(285, 'Bronze', 95, NULL),
(286, 'Or', 96, NULL),
(287, 'Argent', 96, NULL),
(288, 'Bronze', 96, NULL),
(289, 'Or', 97, NULL),
(290, 'Argent', 97, NULL),
(291, 'Bronze', 97, NULL),
(292, 'Or', 98, NULL),
(293, 'Argent', 98, NULL),
(294, 'Bronze', 98, NULL),
(295, 'Or', 99, NULL),
(296, 'Argent', 99, NULL),
(297, 'Bronze', 99, NULL),
(298, 'Or', 100, NULL),
(299, 'Argent', 100, NULL),
(300, 'Bronze', 100, NULL),
(301, 'Or', 101, NULL),
(302, 'Argent', 101, NULL),
(303, 'Bronze', 101, NULL),
(304, 'Or', 102, NULL),
(305, 'Argent', 102, NULL),
(306, 'Bronze', 102, NULL),
(307, 'Or', 103, NULL),
(308, 'Argent', 103, NULL),
(309, 'Bronze', 103, NULL),
(310, 'Or', 104, NULL),
(311, 'Argent', 104, NULL),
(312, 'Bronze', 104, NULL),
(313, 'Or', 105, NULL),
(314, 'Argent', 105, NULL),
(315, 'Bronze', 105, NULL),
(316, 'Or', 106, NULL),
(317, 'Argent', 106, NULL),
(318, 'Bronze', 106, NULL),
(319, 'Or', 107, NULL),
(320, 'Argent', 107, NULL),
(321, 'Bronze', 107, NULL),
(322, 'Or', 108, NULL),
(323, 'Argent', 108, NULL),
(324, 'Bronze', 108, NULL),
(325, 'Or', 109, NULL),
(326, 'Argent', 109, NULL),
(327, 'Bronze', 109, NULL),
(328, 'Or', 110, NULL),
(329, 'Argent', 110, NULL),
(330, 'Bronze', 110, NULL),
(331, 'Or', 111, NULL),
(332, 'Argent', 111, NULL),
(333, 'Bronze', 111, NULL),
(334, 'Or', 112, NULL),
(335, 'Argent', 112, NULL),
(336, 'Bronze', 112, NULL),
(337, 'Or', 113, NULL),
(338, 'Argent', 113, NULL),
(339, 'Bronze', 113, NULL),
(340, 'Or', 114, NULL),
(341, 'Argent', 114, NULL),
(342, 'Bronze', 114, NULL),
(343, 'Or', 115, NULL),
(344, 'Argent', 115, NULL),
(345, 'Bronze', 115, NULL),
(346, 'Or', 116, NULL),
(347, 'Argent', 116, NULL),
(348, 'Bronze', 116, NULL),
(349, 'Or', 117, NULL),
(350, 'Argent', 117, NULL),
(351, 'Bronze', 117, NULL),
(352, 'Or', 118, NULL),
(353, 'Argent', 118, NULL),
(354, 'Bronze', 118, NULL),
(355, 'Or', 119, NULL),
(356, 'Argent', 119, NULL),
(357, 'Bronze', 119, NULL),
(358, 'Or', 120, NULL),
(359, 'Argent', 120, NULL),
(360, 'Bronze', 120, NULL),
(361, 'Or', 121, NULL),
(362, 'Argent', 121, NULL),
(363, 'Bronze', 121, NULL),
(364, 'Or', 122, NULL),
(365, 'Argent', 122, NULL),
(366, 'Bronze', 122, NULL),
(367, 'Or', 123, NULL),
(368, 'Argent', 123, NULL),
(369, 'Bronze', 123, NULL),
(370, 'Or', 124, NULL),
(371, 'Argent', 124, NULL),
(372, 'Bronze', 124, NULL),
(373, 'Or', 125, NULL),
(374, 'Argent', 125, NULL),
(375, 'Bronze', 125, NULL),
(376, 'Or', 126, NULL),
(377, 'Argent', 126, NULL),
(378, 'Bronze', 126, NULL),
(379, 'Or', 127, NULL),
(380, 'Argent', 127, NULL),
(381, 'Bronze', 127, NULL),
(382, 'Or', 128, NULL),
(383, 'Argent', 128, NULL),
(384, 'Bronze', 128, NULL),
(385, 'Or', 129, NULL),
(386, 'Argent', 129, NULL),
(387, 'Bronze', 129, NULL),
(388, 'Or', 130, NULL),
(389, 'Argent', 130, NULL),
(390, 'Bronze', 130, NULL),
(391, 'Or', 131, NULL),
(392, 'Argent', 131, NULL),
(393, 'Bronze', 131, NULL),
(394, 'Or', 132, NULL),
(395, 'Argent', 132, NULL),
(396, 'Bronze', 132, NULL),
(397, 'Or', 133, NULL),
(398, 'Argent', 133, NULL),
(399, 'Bronze', 133, NULL),
(400, 'Or', 134, NULL),
(401, 'Argent', 134, NULL),
(402, 'Bronze', 134, NULL),
(403, 'Or', 135, NULL),
(404, 'Argent', 135, NULL),
(405, 'Bronze', 135, NULL),
(406, 'Or', 136, NULL),
(407, 'Argent', 136, NULL),
(408, 'Bronze', 136, NULL),
(409, 'Or', 137, NULL),
(410, 'Argent', 137, NULL),
(411, 'Bronze', 137, NULL),
(412, 'Or', 138, NULL),
(413, 'Argent', 138, NULL),
(414, 'Bronze', 138, NULL),
(415, 'Or', 139, NULL),
(416, 'Argent', 139, NULL),
(417, 'Bronze', 139, NULL),
(418, 'Or', 140, NULL),
(419, 'Argent', 140, NULL),
(420, 'Bronze', 140, NULL),
(421, 'Or', 141, NULL),
(422, 'Argent', 141, NULL),
(423, 'Bronze', 141, NULL),
(424, 'Or', 142, NULL),
(425, 'Argent', 142, NULL),
(426, 'Bronze', 142, NULL),
(427, 'Or', 143, NULL),
(428, 'Argent', 143, NULL),
(429, 'Bronze', 143, NULL),
(430, 'Or', 144, NULL),
(431, 'Argent', 144, NULL),
(432, 'Bronze', 144, NULL),
(433, 'Or', 145, NULL),
(434, 'Argent', 145, NULL),
(435, 'Bronze', 145, NULL),
(436, 'Or', 146, NULL),
(437, 'Argent', 146, NULL),
(438, 'Bronze', 146, NULL),
(439, 'Or', 147, NULL),
(440, 'Argent', 147, NULL),
(441, 'Bronze', 147, NULL),
(442, 'Or', 148, NULL),
(443, 'Argent', 148, NULL),
(444, 'Bronze', 148, NULL),
(445, 'Or', 149, NULL),
(446, 'Argent', 149, NULL),
(447, 'Bronze', 149, NULL),
(448, 'Or', 150, NULL),
(449, 'Argent', 150, NULL),
(450, 'Bronze', 150, NULL),
(451, 'Or', 151, NULL),
(452, 'Argent', 151, NULL),
(453, 'Bronze', 151, NULL),
(454, 'Or', 152, NULL),
(455, 'Argent', 152, NULL),
(456, 'Bronze', 152, NULL),
(457, 'Or', 153, NULL),
(458, 'Argent', 153, NULL),
(459, 'Bronze', 153, NULL),
(460, 'Or', 154, NULL),
(461, 'Argent', 154, NULL),
(462, 'Bronze', 154, NULL),
(463, 'Or', 155, NULL),
(464, 'Argent', 155, NULL),
(465, 'Bronze', 155, NULL),
(466, 'Or', 156, NULL),
(467, 'Argent', 156, NULL),
(468, 'Bronze', 156, NULL),
(469, 'Or', 157, NULL),
(470, 'Argent', 157, NULL),
(471, 'Bronze', 157, NULL),
(472, 'Or', 158, NULL),
(473, 'Argent', 158, NULL),
(474, 'Bronze', 158, NULL),
(475, 'Or', 159, NULL),
(476, 'Argent', 159, NULL),
(477, 'Bronze', 159, NULL),
(478, 'Or', 160, NULL),
(479, 'Argent', 160, NULL),
(480, 'Bronze', 160, NULL),
(481, 'Or', 161, NULL),
(482, 'Argent', 161, NULL),
(483, 'Bronze', 161, NULL),
(484, 'Or', 162, NULL),
(485, 'Argent', 162, NULL),
(486, 'Bronze', 162, NULL),
(487, 'Or', 163, NULL),
(488, 'Argent', 163, NULL),
(489, 'Bronze', 163, NULL),
(490, 'Or', 164, NULL),
(491, 'Argent', 164, NULL),
(492, 'Bronze', 164, NULL),
(493, 'Or', 165, NULL),
(494, 'Argent', 165, NULL),
(495, 'Bronze', 165, NULL),
(496, 'Or', 166, NULL),
(497, 'Argent', 166, NULL),
(498, 'Bronze', 166, NULL),
(499, 'Or', 167, NULL),
(500, 'Argent', 167, NULL),
(501, 'Bronze', 167, NULL),
(502, 'Or', 168, NULL),
(503, 'Argent', 168, NULL),
(504, 'Bronze', 168, NULL),
(505, 'Or', 169, NULL),
(506, 'Argent', 169, NULL),
(507, 'Bronze', 169, NULL),
(508, 'Or', 170, NULL),
(509, 'Argent', 170, NULL),
(510, 'Bronze', 170, NULL),
(511, 'Or', 171, NULL),
(512, 'Argent', 171, NULL),
(513, 'Bronze', 171, NULL),
(514, 'Or', 172, NULL),
(515, 'Argent', 172, NULL),
(516, 'Bronze', 172, NULL),
(517, 'Or', 173, NULL),
(518, 'Argent', 173, NULL),
(519, 'Bronze', 173, NULL),
(520, 'Or', 174, NULL),
(521, 'Argent', 174, NULL),
(522, 'Bronze', 174, NULL),
(523, 'Or', 175, NULL),
(524, 'Argent', 175, NULL),
(525, 'Bronze', 175, NULL),
(526, 'Or', 176, NULL),
(527, 'Argent', 176, NULL),
(528, 'Bronze', 176, NULL),
(529, 'Or', 177, NULL),
(530, 'Argent', 177, NULL),
(531, 'Bronze', 177, NULL),
(532, 'Or', 178, NULL),
(533, 'Argent', 178, NULL),
(534, 'Bronze', 178, NULL),
(535, 'Or', 179, NULL),
(536, 'Argent', 179, NULL),
(537, 'Bronze', 179, NULL),
(538, 'Or', 180, NULL),
(539, 'Argent', 180, NULL),
(540, 'Bronze', 180, NULL),
(541, 'Or', 181, NULL),
(542, 'Argent', 181, NULL),
(543, 'Bronze', 181, NULL),
(544, 'Or', 182, NULL),
(545, 'Argent', 182, NULL),
(546, 'Bronze', 182, NULL),
(547, 'Or', 183, NULL),
(548, 'Argent', 183, NULL),
(549, 'Bronze', 183, NULL),
(550, 'Or', 184, NULL),
(551, 'Argent', 184, NULL),
(552, 'Bronze', 184, NULL),
(553, 'Or', 185, NULL),
(554, 'Argent', 185, NULL),
(555, 'Bronze', 185, NULL),
(556, 'Or', 186, NULL),
(557, 'Argent', 186, NULL),
(558, 'Bronze', 186, NULL),
(559, 'Or', 187, NULL),
(560, 'Argent', 187, NULL),
(561, 'Bronze', 187, NULL),
(562, 'Or', 188, NULL),
(563, 'Argent', 188, NULL),
(564, 'Bronze', 188, NULL),
(565, 'Or', 189, NULL),
(566, 'Argent', 189, NULL),
(567, 'Bronze', 189, NULL),
(568, 'Or', 190, NULL),
(569, 'Argent', 190, NULL),
(570, 'Bronze', 190, NULL),
(571, 'Or', 191, NULL),
(572, 'Argent', 191, NULL),
(573, 'Bronze', 191, NULL),
(574, 'Or', 192, NULL),
(575, 'Argent', 192, NULL),
(576, 'Bronze', 192, NULL),
(577, 'Or', 193, NULL),
(578, 'Argent', 193, NULL),
(579, 'Bronze', 193, NULL),
(580, 'Or', 194, NULL),
(581, 'Argent', 194, NULL),
(582, 'Bronze', 194, NULL),
(583, 'Or', 195, NULL),
(584, 'Argent', 195, NULL),
(585, 'Bronze', 195, NULL),
(586, 'Or', 196, NULL),
(587, 'Argent', 196, NULL),
(588, 'Bronze', 196, NULL),
(589, 'Or', 197, NULL),
(590, 'Argent', 197, NULL),
(591, 'Bronze', 197, NULL),
(592, 'Or', 198, NULL),
(593, 'Argent', 198, NULL),
(594, 'Bronze', 198, NULL),
(595, 'Or', 199, NULL),
(596, 'Argent', 199, NULL),
(597, 'Bronze', 199, NULL),
(598, 'Or', 200, NULL),
(599, 'Argent', 200, NULL),
(600, 'Bronze', 200, NULL),
(601, 'Or', 201, NULL),
(602, 'Argent', 201, NULL),
(603, 'Bronze', 201, NULL),
(604, 'Or', 202, NULL),
(605, 'Argent', 202, NULL),
(606, 'Bronze', 202, NULL),
(607, 'Or', 203, NULL),
(608, 'Argent', 203, NULL),
(609, 'Bronze', 203, NULL),
(610, 'Or', 204, NULL),
(611, 'Argent', 204, NULL),
(612, 'Bronze', 204, NULL),
(613, 'Or', 205, NULL),
(614, 'Argent', 205, NULL),
(615, 'Bronze', 205, NULL),
(616, 'Or', 206, NULL),
(617, 'Argent', 206, NULL),
(618, 'Bronze', 206, NULL),
(619, 'Or', 207, NULL),
(620, 'Argent', 207, NULL),
(621, 'Bronze', 207, NULL),
(622, 'Or', 208, NULL),
(623, 'Argent', 208, NULL),
(624, 'Bronze', 208, NULL),
(625, 'Or', 209, NULL),
(626, 'Argent', 209, NULL),
(627, 'Bronze', 209, NULL),
(628, 'Or', 210, NULL),
(629, 'Argent', 210, NULL),
(630, 'Bronze', 210, NULL),
(631, 'Or', 211, NULL),
(632, 'Argent', 211, NULL),
(633, 'Bronze', 211, NULL),
(634, 'Or', 212, NULL),
(635, 'Argent', 212, NULL),
(636, 'Bronze', 212, NULL),
(637, 'Or', 213, NULL),
(638, 'Argent', 213, NULL),
(639, 'Bronze', 213, NULL),
(640, 'Or', 214, NULL),
(641, 'Argent', 214, NULL),
(642, 'Bronze', 214, NULL),
(643, 'Or', 215, NULL),
(644, 'Argent', 215, NULL),
(645, 'Bronze', 215, NULL),
(646, 'Or', 216, NULL),
(647, 'Argent', 216, NULL),
(648, 'Bronze', 216, NULL),
(649, 'Or', 217, NULL),
(650, 'Argent', 217, NULL),
(651, 'Bronze', 217, NULL),
(652, 'Or', 218, NULL),
(653, 'Argent', 218, NULL),
(654, 'Bronze', 218, NULL),
(655, 'Or', 219, NULL),
(656, 'Argent', 219, NULL),
(657, 'Bronze', 219, NULL),
(658, 'Or', 220, NULL),
(659, 'Argent', 220, NULL),
(660, 'Bronze', 220, NULL),
(661, 'Or', 221, NULL),
(662, 'Argent', 221, NULL),
(663, 'Bronze', 221, NULL),
(664, 'Or', 222, NULL),
(665, 'Argent', 222, NULL),
(666, 'Bronze', 222, NULL),
(667, 'Or', 223, NULL),
(668, 'Argent', 223, NULL),
(669, 'Bronze', 223, NULL),
(670, 'Or', 224, NULL),
(671, 'Argent', 224, NULL),
(672, 'Bronze', 224, NULL),
(673, 'Or', 225, NULL),
(674, 'Argent', 225, NULL),
(675, 'Bronze', 225, NULL),
(676, 'Or', 226, NULL),
(677, 'Argent', 226, NULL),
(678, 'Bronze', 226, NULL),
(679, 'Or', 227, NULL),
(680, 'Argent', 227, NULL),
(681, 'Bronze', 227, NULL),
(682, 'Or', 228, NULL),
(683, 'Argent', 228, NULL),
(684, 'Bronze', 228, NULL),
(685, 'Or', 229, NULL),
(686, 'Argent', 229, NULL),
(687, 'Bronze', 229, NULL),
(688, 'Or', 230, NULL),
(689, 'Argent', 230, NULL),
(690, 'Bronze', 230, NULL),
(691, 'Or', 231, NULL),
(692, 'Argent', 231, NULL),
(693, 'Bronze', 231, NULL),
(694, 'Or', 232, NULL),
(695, 'Argent', 232, NULL),
(696, 'Bronze', 232, NULL),
(697, 'Or', 233, NULL),
(698, 'Argent', 233, NULL),
(699, 'Bronze', 233, NULL),
(700, 'Or', 234, NULL),
(701, 'Argent', 234, NULL),
(702, 'Bronze', 234, NULL),
(703, 'Or', 235, NULL),
(704, 'Argent', 235, NULL),
(705, 'Bronze', 235, NULL),
(706, 'Or', 236, NULL),
(707, 'Argent', 236, NULL),
(708, 'Bronze', 236, NULL),
(709, 'Or', 237, NULL),
(710, 'Argent', 237, NULL),
(711, 'Bronze', 237, NULL),
(712, 'Or', 238, NULL),
(713, 'Argent', 238, NULL),
(714, 'Bronze', 238, NULL),
(715, 'Or', 239, NULL),
(716, 'Argent', 239, NULL),
(717, 'Bronze', 239, NULL),
(718, 'Or', 240, NULL),
(719, 'Argent', 240, NULL),
(720, 'Bronze', 240, NULL),
(721, 'Or', 241, NULL),
(722, 'Argent', 241, NULL),
(723, 'Bronze', 241, NULL),
(724, 'Or', 242, NULL),
(725, 'Argent', 242, NULL),
(726, 'Bronze', 242, NULL),
(727, 'Or', 243, NULL),
(728, 'Argent', 243, NULL),
(729, 'Bronze', 243, NULL),
(730, 'Or', 244, NULL),
(731, 'Argent', 244, NULL),
(732, 'Bronze', 244, NULL),
(733, 'Or', 245, NULL),
(734, 'Argent', 245, NULL),
(735, 'Bronze', 245, NULL),
(736, 'Or', 246, NULL),
(737, 'Argent', 246, NULL),
(738, 'Bronze', 246, NULL),
(739, 'Or', 247, NULL),
(740, 'Argent', 247, NULL),
(741, 'Bronze', 247, NULL),
(742, 'Or', 248, NULL),
(743, 'Argent', 248, NULL),
(744, 'Bronze', 248, NULL),
(745, 'Or', 249, NULL),
(746, 'Argent', 249, NULL),
(747, 'Bronze', 249, NULL),
(748, 'Or', 250, NULL),
(749, 'Argent', 250, NULL),
(750, 'Bronze', 250, NULL),
(751, 'Or', 251, NULL),
(752, 'Argent', 251, NULL),
(753, 'Bronze', 251, NULL),
(754, 'Or', 252, NULL),
(755, 'Argent', 252, NULL),
(756, 'Bronze', 252, NULL),
(757, 'Or', 253, NULL),
(758, 'Argent', 253, NULL),
(759, 'Bronze', 253, NULL),
(760, 'Or', 254, NULL),
(761, 'Argent', 254, NULL),
(762, 'Bronze', 254, NULL),
(763, 'Or', 255, NULL),
(764, 'Argent', 255, NULL),
(765, 'Bronze', 255, NULL),
(766, 'Or', 256, NULL),
(767, 'Argent', 256, NULL),
(768, 'Bronze', 256, NULL),
(769, 'Or', 257, NULL),
(770, 'Argent', 257, NULL),
(771, 'Bronze', 257, NULL),
(772, 'Or', 258, NULL),
(773, 'Argent', 258, NULL),
(774, 'Bronze', 258, NULL),
(775, 'Or', 259, NULL),
(776, 'Argent', 259, NULL),
(777, 'Bronze', 259, NULL),
(778, 'Or', 260, NULL),
(779, 'Argent', 260, NULL),
(780, 'Bronze', 260, NULL),
(781, 'Or', 261, NULL),
(782, 'Argent', 261, NULL),
(783, 'Bronze', 261, NULL),
(784, 'Or', 262, NULL),
(785, 'Argent', 262, NULL),
(786, 'Bronze', 262, NULL),
(787, 'Or', 263, NULL),
(788, 'Argent', 263, NULL),
(789, 'Bronze', 263, NULL),
(790, 'Or', 264, NULL),
(791, 'Argent', 264, NULL),
(792, 'Bronze', 264, NULL),
(793, 'Or', 265, NULL),
(794, 'Argent', 265, NULL),
(795, 'Bronze', 265, NULL),
(796, 'Or', 266, NULL),
(797, 'Argent', 266, NULL),
(798, 'Bronze', 266, NULL),
(799, 'Or', 267, NULL),
(800, 'Argent', 267, NULL),
(801, 'Bronze', 267, NULL),
(802, 'Or', 268, NULL),
(803, 'Argent', 268, NULL),
(804, 'Bronze', 268, NULL),
(805, 'Or', 269, NULL),
(806, 'Argent', 269, NULL),
(807, 'Bronze', 269, NULL),
(808, 'Or', 270, NULL),
(809, 'Argent', 270, NULL),
(810, 'Bronze', 270, NULL),
(811, 'Or', 271, NULL),
(812, 'Argent', 271, NULL),
(813, 'Bronze', 271, NULL),
(814, 'Or', 272, NULL),
(815, 'Argent', 272, NULL),
(816, 'Bronze', 272, NULL),
(817, 'Or', 273, NULL),
(818, 'Argent', 273, NULL),
(819, 'Bronze', 273, NULL),
(820, 'Or', 274, NULL),
(821, 'Argent', 274, NULL),
(822, 'Bronze', 274, NULL),
(823, 'Or', 275, NULL),
(824, 'Argent', 275, NULL),
(825, 'Bronze', 275, NULL),
(826, 'Or', 276, NULL),
(827, 'Argent', 276, NULL),
(828, 'Bronze', 276, NULL),
(829, 'Or', 277, NULL),
(830, 'Argent', 277, NULL),
(831, 'Bronze', 277, NULL),
(832, 'Or', 278, NULL),
(833, 'Argent', 278, NULL),
(834, 'Bronze', 278, NULL),
(835, 'Or', 279, NULL),
(836, 'Argent', 279, NULL),
(837, 'Bronze', 279, NULL),
(838, 'Or', 280, NULL),
(839, 'Argent', 280, NULL),
(840, 'Bronze', 280, NULL),
(841, 'Or', 281, NULL),
(842, 'Argent', 281, NULL),
(843, 'Bronze', 281, NULL),
(844, 'Or', 282, NULL),
(845, 'Argent', 282, NULL),
(846, 'Bronze', 282, NULL),
(847, 'Or', 283, NULL),
(848, 'Argent', 283, NULL),
(849, 'Bronze', 283, NULL),
(850, 'Or', 284, NULL),
(851, 'Argent', 284, NULL),
(852, 'Bronze', 284, NULL),
(853, 'Or', 285, NULL),
(854, 'Argent', 285, NULL),
(855, 'Bronze', 285, NULL),
(856, 'Or', 286, NULL),
(857, 'Argent', 286, NULL),
(858, 'Bronze', 286, NULL),
(859, 'Or', 287, NULL),
(860, 'Argent', 287, NULL),
(861, 'Bronze', 287, NULL),
(862, 'Or', 288, NULL),
(863, 'Argent', 288, NULL),
(864, 'Bronze', 288, NULL),
(865, 'Or', 289, NULL),
(866, 'Argent', 289, NULL),
(867, 'Bronze', 289, NULL),
(868, 'Or', 290, NULL),
(869, 'Argent', 290, NULL),
(870, 'Bronze', 290, NULL),
(871, 'Or', 291, NULL),
(872, 'Argent', 291, NULL),
(873, 'Bronze', 291, NULL),
(874, 'Or', 292, NULL),
(875, 'Argent', 292, NULL),
(876, 'Bronze', 292, NULL),
(877, 'Or', 293, NULL),
(878, 'Argent', 293, NULL),
(879, 'Bronze', 293, NULL),
(880, 'Or', 294, NULL),
(881, 'Argent', 294, NULL),
(882, 'Bronze', 294, NULL),
(883, 'Or', 295, NULL),
(884, 'Argent', 295, NULL),
(885, 'Bronze', 295, NULL),
(886, 'Or', 296, NULL),
(887, 'Argent', 296, NULL),
(888, 'Bronze', 296, NULL),
(889, 'Or', 297, NULL),
(890, 'Argent', 297, NULL),
(891, 'Bronze', 297, NULL),
(892, 'Or', 298, NULL),
(893, 'Argent', 298, NULL),
(894, 'Bronze', 298, NULL),
(895, 'Or', 299, NULL),
(896, 'Argent', 299, NULL),
(897, 'Bronze', 299, NULL),
(898, 'Or', 300, NULL),
(899, 'Argent', 300, NULL),
(900, 'Bronze', 300, NULL),
(901, 'Or', 301, NULL),
(902, 'Argent', 301, NULL),
(903, 'Bronze', 301, NULL),
(904, 'Or', 302, NULL),
(905, 'Argent', 302, NULL),
(906, 'Bronze', 302, NULL),
(907, 'Or', 303, NULL),
(908, 'Argent', 303, NULL),
(909, 'Bronze', 303, NULL),
(910, 'Or', 304, NULL),
(911, 'Argent', 304, NULL),
(912, 'Bronze', 304, NULL),
(913, 'Or', 305, NULL),
(914, 'Argent', 305, NULL),
(915, 'Bronze', 305, NULL),
(916, 'Or', 306, NULL),
(917, 'Argent', 306, NULL),
(918, 'Bronze', 306, NULL),
(919, 'Or', 307, NULL),
(920, 'Argent', 307, NULL),
(921, 'Bronze', 307, NULL),
(922, 'Or', 308, NULL),
(923, 'Argent', 308, NULL),
(924, 'Bronze', 308, NULL),
(925, 'Or', 309, NULL),
(926, 'Argent', 309, NULL),
(927, 'Bronze', 309, NULL),
(928, 'Or', 310, NULL),
(929, 'Argent', 310, NULL),
(930, 'Bronze', 310, NULL),
(931, 'Or', 311, NULL),
(932, 'Argent', 311, NULL),
(933, 'Bronze', 311, NULL),
(934, 'Or', 312, NULL),
(935, 'Argent', 312, NULL),
(936, 'Bronze', 312, NULL),
(937, 'Or', 313, NULL),
(938, 'Argent', 313, NULL),
(939, 'Bronze', 313, NULL),
(940, 'Or', 314, NULL),
(941, 'Argent', 314, NULL),
(942, 'Bronze', 314, NULL),
(943, 'Or', 315, NULL),
(944, 'Argent', 315, NULL),
(945, 'Bronze', 315, NULL),
(946, 'Or', 316, NULL),
(947, 'Argent', 316, NULL),
(948, 'Bronze', 316, NULL),
(949, 'Or', 317, NULL),
(950, 'Argent', 317, NULL),
(951, 'Bronze', 317, NULL),
(952, 'Or', 318, NULL),
(953, 'Argent', 318, NULL),
(954, 'Bronze', 318, NULL),
(955, 'Or', 319, NULL),
(956, 'Argent', 319, NULL),
(957, 'Bronze', 319, NULL),
(958, 'Or', 320, NULL),
(959, 'Argent', 320, NULL),
(960, 'Bronze', 320, NULL),
(961, 'Or', 321, NULL),
(962, 'Argent', 321, NULL),
(963, 'Bronze', 321, NULL),
(964, 'Or', 322, NULL),
(965, 'Argent', 322, NULL),
(966, 'Bronze', 322, NULL),
(967, 'Or', 323, NULL),
(968, 'Argent', 323, NULL),
(969, 'Bronze', 323, NULL),
(970, 'Or', 324, NULL),
(971, 'Argent', 324, NULL),
(972, 'Bronze', 324, NULL),
(973, 'Or', 325, NULL),
(974, 'Argent', 325, NULL),
(975, 'Bronze', 325, NULL),
(976, 'Or', 326, NULL),
(977, 'Argent', 326, NULL),
(978, 'Bronze', 326, NULL),
(979, 'Or', 327, NULL),
(980, 'Argent', 327, NULL),
(981, 'Bronze', 327, NULL),
(982, 'Or', 328, NULL),
(983, 'Argent', 328, NULL),
(984, 'Bronze', 328, NULL),
(985, 'Or', 329, NULL),
(986, 'Argent', 329, NULL),
(987, 'Bronze', 329, NULL),
(988, 'Or', 330, NULL),
(989, 'Argent', 330, NULL),
(990, 'Bronze', 330, NULL),
(991, 'Or', 331, NULL),
(992, 'Argent', 331, NULL),
(993, 'Bronze', 331, NULL),
(994, 'Or', 332, NULL),
(995, 'Argent', 332, NULL),
(996, 'Bronze', 332, NULL),
(997, 'Or', 333, NULL),
(998, 'Argent', 333, NULL),
(999, 'Bronze', 333, NULL),
(1000, 'Or', 334, NULL),
(1001, 'Argent', 334, NULL),
(1002, 'Bronze', 334, NULL),
(1003, 'Or', 335, NULL),
(1004, 'Argent', 335, NULL),
(1005, 'Bronze', 335, NULL),
(1006, 'Or', 336, NULL),
(1007, 'Argent', 336, NULL),
(1008, 'Bronze', 336, NULL),
(1009, 'Or', 337, NULL),
(1010, 'Argent', 337, NULL),
(1011, 'Bronze', 337, NULL),
(1012, 'Or', 338, NULL),
(1013, 'Argent', 338, NULL),
(1014, 'Bronze', 338, NULL),
(1015, 'Or', 339, NULL),
(1016, 'Argent', 339, NULL),
(1017, 'Bronze', 339, NULL),
(1018, 'Or', 340, NULL),
(1019, 'Argent', 340, NULL),
(1020, 'Bronze', 340, NULL),
(1021, 'Or', 341, NULL),
(1022, 'Argent', 341, NULL),
(1023, 'Bronze', 341, NULL),
(1024, 'Or', 342, NULL),
(1025, 'Argent', 342, NULL),
(1026, 'Bronze', 342, NULL),
(1027, 'Or', 343, NULL),
(1028, 'Argent', 343, NULL),
(1029, 'Bronze', 343, NULL),
(1030, 'Or', 344, NULL),
(1031, 'Argent', 344, NULL),
(1032, 'Bronze', 344, NULL),
(1033, 'Or', 345, NULL),
(1034, 'Argent', 345, NULL),
(1035, 'Bronze', 345, NULL),
(1036, 'Or', 346, NULL),
(1037, 'Argent', 346, NULL),
(1038, 'Bronze', 346, NULL),
(1039, 'Or', 347, NULL),
(1040, 'Argent', 347, NULL),
(1041, 'Bronze', 347, NULL),
(1042, 'Or', 348, NULL),
(1043, 'Argent', 348, NULL),
(1044, 'Bronze', 348, NULL),
(1045, 'Or', 349, NULL),
(1046, 'Argent', 349, NULL),
(1047, 'Bronze', 349, NULL),
(1048, 'Or', 350, NULL),
(1049, 'Argent', 350, NULL),
(1050, 'Bronze', 350, NULL),
(1051, 'Or', 351, NULL),
(1052, 'Argent', 351, NULL),
(1053, 'Bronze', 351, NULL),
(1054, 'Or', 352, NULL),
(1055, 'Argent', 352, NULL),
(1056, 'Bronze', 352, NULL),
(1057, 'Or', 353, NULL),
(1058, 'Argent', 353, NULL),
(1059, 'Bronze', 353, NULL),
(1060, 'Or', 354, NULL),
(1061, 'Argent', 354, NULL),
(1062, 'Bronze', 354, NULL),
(1063, 'Or', 355, NULL),
(1064, 'Argent', 355, NULL),
(1065, 'Bronze', 355, NULL),
(1066, 'Or', 356, NULL),
(1067, 'Argent', 356, NULL),
(1068, 'Bronze', 356, NULL),
(1069, 'Or', 357, NULL),
(1070, 'Argent', 357, NULL),
(1071, 'Bronze', 357, NULL),
(1072, 'Or', 358, NULL),
(1073, 'Argent', 358, NULL),
(1074, 'Bronze', 358, NULL),
(1075, 'Or', 359, NULL),
(1076, 'Argent', 359, NULL),
(1077, 'Bronze', 359, NULL),
(1078, 'Or', 360, NULL),
(1079, 'Argent', 360, NULL),
(1080, 'Bronze', 360, NULL),
(1081, 'Or', 361, NULL),
(1082, 'Argent', 361, NULL),
(1083, 'Bronze', 361, NULL),
(1084, 'Or', 362, NULL),
(1085, 'Argent', 362, NULL),
(1086, 'Bronze', 362, NULL),
(1087, 'Or', 363, NULL),
(1088, 'Argent', 363, NULL),
(1089, 'Bronze', 363, NULL),
(1090, 'Or', 364, NULL),
(1091, 'Argent', 364, NULL),
(1092, 'Bronze', 364, NULL),
(1093, 'Or', 365, NULL),
(1094, 'Argent', 365, NULL),
(1095, 'Bronze', 365, NULL),
(1096, 'Or', 366, NULL),
(1097, 'Argent', 366, NULL),
(1098, 'Bronze', 366, NULL),
(1099, 'Or', 367, NULL),
(1100, 'Argent', 367, NULL),
(1101, 'Bronze', 367, NULL),
(1102, 'Or', 368, NULL),
(1103, 'Argent', 368, NULL),
(1104, 'Bronze', 368, NULL),
(1105, 'Or', 369, NULL),
(1106, 'Argent', 369, NULL),
(1107, 'Bronze', 369, NULL),
(1108, 'Or', 370, NULL),
(1109, 'Argent', 370, NULL),
(1110, 'Bronze', 370, NULL),
(1111, 'Or', 371, NULL),
(1112, 'Argent', 371, NULL),
(1113, 'Bronze', 371, NULL),
(1114, 'Or', 372, NULL),
(1115, 'Argent', 372, NULL),
(1116, 'Bronze', 372, NULL),
(1117, 'Or', 373, NULL),
(1118, 'Argent', 373, NULL),
(1119, 'Bronze', 373, NULL),
(1120, 'Or', 374, NULL),
(1121, 'Argent', 374, NULL),
(1122, 'Bronze', 374, NULL),
(1123, 'Or', 375, NULL),
(1124, 'Argent', 375, NULL),
(1125, 'Bronze', 375, NULL),
(1126, 'Or', 376, NULL),
(1127, 'Argent', 376, NULL),
(1128, 'Bronze', 376, NULL),
(1129, 'Or', 377, NULL),
(1130, 'Argent', 377, NULL),
(1131, 'Bronze', 377, NULL),
(1132, 'Or', 378, NULL),
(1133, 'Argent', 378, NULL),
(1134, 'Bronze', 378, NULL),
(1135, 'Or', 379, NULL),
(1136, 'Argent', 379, NULL),
(1137, 'Bronze', 379, NULL),
(1138, 'Or', 380, NULL),
(1139, 'Argent', 380, NULL),
(1140, 'Bronze', 380, NULL),
(1141, 'Or', 381, NULL),
(1142, 'Argent', 381, NULL),
(1143, 'Bronze', 381, NULL),
(1144, 'Or', 382, NULL),
(1145, 'Argent', 382, NULL),
(1146, 'Bronze', 382, NULL),
(1147, 'Or', 383, NULL),
(1148, 'Argent', 383, NULL),
(1149, 'Bronze', 383, NULL),
(1150, 'Or', 384, NULL),
(1151, 'Argent', 384, NULL),
(1152, 'Bronze', 384, NULL),
(1153, 'Or', 385, NULL),
(1154, 'Argent', 385, NULL),
(1155, 'Bronze', 385, NULL),
(1156, 'Or', 386, NULL),
(1157, 'Argent', 386, NULL),
(1158, 'Bronze', 386, NULL),
(1159, 'Or', 387, NULL),
(1160, 'Argent', 387, NULL),
(1161, 'Bronze', 387, NULL),
(1162, 'Or', 388, NULL),
(1163, 'Argent', 388, NULL),
(1164, 'Bronze', 388, NULL),
(1165, 'Or', 389, NULL),
(1166, 'Argent', 389, NULL),
(1167, 'Bronze', 389, NULL),
(1168, 'Or', 390, NULL),
(1169, 'Argent', 390, NULL),
(1170, 'Bronze', 390, NULL),
(1171, 'Or', 391, NULL),
(1172, 'Argent', 391, NULL),
(1173, 'Bronze', 391, NULL),
(1174, 'Or', 392, NULL),
(1175, 'Argent', 392, NULL),
(1176, 'Bronze', 392, NULL),
(1177, 'Or', 393, NULL),
(1178, 'Argent', 393, NULL),
(1179, 'Bronze', 393, NULL),
(1180, 'Or', 394, NULL),
(1181, 'Argent', 394, NULL),
(1182, 'Bronze', 394, NULL),
(1183, 'Or', 395, NULL),
(1184, 'Argent', 395, NULL),
(1185, 'Bronze', 395, NULL),
(1186, 'Or', 396, NULL),
(1187, 'Argent', 396, NULL),
(1188, 'Bronze', 396, NULL),
(1189, 'Or', 397, NULL),
(1190, 'Argent', 397, NULL),
(1191, 'Bronze', 397, NULL),
(1192, 'Or', 398, NULL),
(1193, 'Argent', 398, NULL),
(1194, 'Bronze', 398, NULL),
(1195, 'Or', 399, NULL),
(1196, 'Argent', 399, NULL),
(1197, 'Bronze', 399, NULL),
(1198, 'Or', 400, NULL),
(1199, 'Argent', 400, NULL),
(1200, 'Bronze', 400, NULL),
(1201, 'Or', 401, NULL),
(1202, 'Argent', 401, NULL),
(1203, 'Bronze', 401, NULL),
(1204, 'Or', 402, NULL),
(1205, 'Argent', 402, NULL),
(1206, 'Bronze', 402, NULL),
(1207, 'Or', 403, NULL),
(1208, 'Argent', 403, NULL),
(1209, 'Bronze', 403, NULL),
(1210, 'Or', 404, NULL),
(1211, 'Argent', 404, NULL),
(1212, 'Bronze', 404, NULL),
(1213, 'Or', 405, NULL),
(1214, 'Argent', 405, NULL),
(1215, 'Bronze', 405, NULL),
(1216, 'Or', 406, NULL),
(1217, 'Argent', 406, NULL),
(1218, 'Bronze', 406, NULL),
(1219, 'Or', 407, NULL),
(1220, 'Argent', 407, NULL),
(1221, 'Bronze', 407, NULL),
(1222, 'Or', 408, NULL),
(1223, 'Argent', 408, NULL),
(1224, 'Bronze', 408, NULL),
(1225, 'Or', 409, NULL),
(1226, 'Argent', 409, NULL),
(1227, 'Bronze', 409, NULL),
(1228, 'Or', 410, NULL),
(1229, 'Argent', 410, NULL),
(1230, 'Bronze', 410, NULL),
(1231, 'Or', 411, NULL),
(1232, 'Argent', 411, NULL),
(1233, 'Bronze', 411, NULL),
(1234, 'Or', 412, NULL),
(1235, 'Argent', 412, NULL),
(1236, 'Bronze', 412, NULL),
(1237, 'Or', 413, NULL),
(1238, 'Argent', 413, NULL),
(1239, 'Bronze', 413, NULL),
(1240, 'Or', 414, NULL),
(1241, 'Argent', 414, NULL),
(1242, 'Bronze', 414, NULL),
(1243, 'Or', 415, NULL),
(1244, 'Argent', 415, NULL),
(1245, 'Bronze', 415, NULL),
(1246, 'Or', 416, NULL),
(1247, 'Argent', 416, NULL),
(1248, 'Bronze', 416, NULL),
(1249, 'Or', 417, NULL),
(1250, 'Argent', 417, NULL),
(1251, 'Bronze', 417, NULL),
(1252, 'Or', 418, NULL),
(1253, 'Argent', 418, NULL),
(1254, 'Bronze', 418, NULL),
(1255, 'Or', 419, NULL),
(1256, 'Argent', 419, NULL),
(1257, 'Bronze', 419, NULL),
(1258, 'Or', 420, NULL),
(1259, 'Argent', 420, NULL),
(1260, 'Bronze', 420, NULL),
(1261, 'Or', 421, NULL),
(1262, 'Argent', 421, NULL),
(1263, 'Bronze', 421, NULL),
(1264, 'Or', 422, NULL),
(1265, 'Argent', 422, NULL),
(1266, 'Bronze', 422, NULL),
(1267, 'Or', 423, NULL),
(1268, 'Argent', 423, NULL),
(1269, 'Bronze', 423, NULL),
(1270, 'Or', 424, NULL),
(1271, 'Argent', 424, NULL),
(1272, 'Bronze', 424, NULL),
(1273, 'Or', 425, NULL),
(1274, 'Argent', 425, NULL),
(1275, 'Bronze', 425, NULL),
(1276, 'Or', 426, NULL),
(1277, 'Argent', 426, NULL),
(1278, 'Bronze', 426, NULL),
(1279, 'Or', 427, NULL),
(1280, 'Argent', 427, NULL),
(1281, 'Bronze', 427, NULL),
(1282, 'Or', 428, NULL),
(1283, 'Argent', 428, NULL),
(1284, 'Bronze', 428, NULL),
(1285, 'Or', 429, NULL),
(1286, 'Argent', 429, NULL),
(1287, 'Bronze', 429, NULL),
(1288, 'Or', 430, NULL),
(1289, 'Argent', 430, NULL),
(1290, 'Bronze', 430, NULL),
(1291, 'Or', 431, NULL),
(1292, 'Argent', 431, NULL),
(1293, 'Bronze', 431, NULL),
(1294, 'Or', 432, NULL),
(1295, 'Argent', 432, NULL),
(1296, 'Bronze', 432, NULL),
(1297, 'Or', 433, NULL),
(1298, 'Argent', 433, NULL),
(1299, 'Bronze', 433, NULL),
(1300, 'Or', 434, NULL),
(1301, 'Argent', 434, NULL),
(1302, 'Bronze', 434, NULL),
(1303, 'Or', 435, NULL),
(1304, 'Argent', 435, NULL),
(1305, 'Bronze', 435, NULL),
(1306, 'Or', 436, NULL),
(1307, 'Argent', 436, NULL),
(1308, 'Bronze', 436, NULL),
(1309, 'Or', 437, NULL),
(1310, 'Argent', 437, NULL),
(1311, 'Bronze', 437, NULL),
(1312, 'Or', 438, NULL),
(1313, 'Argent', 438, NULL),
(1314, 'Bronze', 438, NULL),
(1315, 'Or', 439, NULL),
(1316, 'Argent', 439, NULL),
(1317, 'Bronze', 439, NULL),
(1318, 'Or', 440, NULL),
(1319, 'Argent', 440, NULL),
(1320, 'Bronze', 440, NULL),
(1321, 'Or', 441, NULL),
(1322, 'Argent', 441, NULL),
(1323, 'Bronze', 441, NULL),
(1324, 'Or', 442, NULL),
(1325, 'Argent', 442, NULL),
(1326, 'Bronze', 442, NULL),
(1327, 'Or', 443, NULL),
(1328, 'Argent', 443, NULL),
(1329, 'Bronze', 443, NULL),
(1330, 'Or', 444, NULL),
(1331, 'Argent', 444, NULL),
(1332, 'Bronze', 444, NULL),
(1333, 'Or', 445, NULL),
(1334, 'Argent', 445, NULL),
(1335, 'Bronze', 445, NULL),
(1336, 'Or', 446, NULL),
(1337, 'Argent', 446, NULL),
(1338, 'Bronze', 446, NULL),
(1339, 'Or', 447, NULL),
(1340, 'Argent', 447, NULL),
(1341, 'Bronze', 447, NULL),
(1342, 'Or', 448, NULL),
(1343, 'Argent', 448, NULL),
(1344, 'Bronze', 448, NULL),
(1345, 'Or', 449, NULL),
(1346, 'Argent', 449, NULL),
(1347, 'Bronze', 449, NULL),
(1348, 'Or', 450, NULL),
(1349, 'Argent', 450, NULL),
(1350, 'Bronze', 450, NULL),
(1351, 'Or', 451, NULL),
(1352, 'Argent', 451, NULL),
(1353, 'Bronze', 451, NULL),
(1354, 'Or', 452, NULL),
(1355, 'Argent', 452, NULL),
(1356, 'Bronze', 452, NULL),
(1357, 'Or', 453, NULL),
(1358, 'Argent', 453, NULL),
(1359, 'Bronze', 453, NULL),
(1360, 'Or', 454, NULL),
(1361, 'Argent', 454, NULL),
(1362, 'Bronze', 454, NULL),
(1363, 'Or', 455, NULL),
(1364, 'Argent', 455, NULL),
(1365, 'Bronze', 455, NULL),
(1366, 'Or', 456, NULL),
(1367, 'Argent', 456, NULL),
(1368, 'Bronze', 456, NULL),
(1369, 'Or', 457, NULL),
(1370, 'Argent', 457, NULL),
(1371, 'Bronze', 457, NULL),
(1372, 'Or', 458, NULL),
(1373, 'Argent', 458, NULL),
(1374, 'Bronze', 458, NULL),
(1375, 'Or', 459, NULL),
(1376, 'Argent', 459, NULL),
(1377, 'Bronze', 459, NULL),
(1378, 'Or', 460, NULL),
(1379, 'Argent', 460, NULL),
(1380, 'Bronze', 460, NULL),
(1381, 'Or', 461, NULL),
(1382, 'Argent', 461, NULL),
(1383, 'Bronze', 461, NULL),
(1384, 'Or', 462, NULL),
(1385, 'Argent', 462, NULL),
(1386, 'Bronze', 462, NULL),
(1387, 'Or', 463, NULL),
(1388, 'Argent', 463, NULL),
(1389, 'Bronze', 463, NULL),
(1390, 'Or', 464, NULL),
(1391, 'Argent', 464, NULL),
(1392, 'Bronze', 464, NULL),
(1393, 'Or', 465, NULL),
(1394, 'Argent', 465, NULL),
(1395, 'Bronze', 465, NULL),
(1396, 'Or', 466, NULL),
(1397, 'Argent', 466, NULL),
(1398, 'Bronze', 466, NULL),
(1399, 'Or', 467, NULL),
(1400, 'Argent', 467, NULL),
(1401, 'Bronze', 467, NULL),
(1402, 'Or', 468, NULL),
(1403, 'Argent', 468, NULL),
(1404, 'Bronze', 468, NULL),
(1405, 'Or', 469, NULL),
(1406, 'Argent', 469, NULL),
(1407, 'Bronze', 469, NULL),
(1408, 'Or', 470, NULL),
(1409, 'Argent', 470, NULL),
(1410, 'Bronze', 470, NULL),
(1411, 'Or', 471, NULL),
(1412, 'Argent', 471, NULL),
(1413, 'Bronze', 471, NULL),
(1414, 'Or', 472, NULL),
(1415, 'Argent', 472, NULL),
(1416, 'Bronze', 472, NULL),
(1417, 'Or', 473, NULL),
(1418, 'Argent', 473, NULL),
(1419, 'Bronze', 473, NULL),
(1420, 'Or', 474, NULL),
(1421, 'Argent', 474, NULL),
(1422, 'Bronze', 474, NULL),
(1423, 'Or', 475, NULL),
(1424, 'Argent', 475, NULL),
(1425, 'Bronze', 475, NULL),
(1426, 'Or', 476, NULL),
(1427, 'Argent', 476, NULL),
(1428, 'Bronze', 476, NULL),
(1429, 'Or', 477, NULL),
(1430, 'Argent', 477, NULL),
(1431, 'Bronze', 477, NULL),
(1432, 'Or', 478, NULL),
(1433, 'Argent', 478, NULL),
(1434, 'Bronze', 478, NULL),
(1435, 'Or', 479, NULL),
(1436, 'Argent', 479, NULL),
(1437, 'Bronze', 479, NULL),
(1438, 'Or', 480, NULL),
(1439, 'Argent', 480, NULL),
(1440, 'Bronze', 480, NULL),
(1441, 'Or', 481, NULL),
(1442, 'Argent', 481, NULL),
(1443, 'Bronze', 481, NULL),
(1444, 'Or', 482, NULL),
(1445, 'Argent', 482, NULL),
(1446, 'Bronze', 482, NULL),
(1447, 'Or', 483, NULL),
(1448, 'Argent', 483, NULL),
(1449, 'Bronze', 483, NULL),
(1450, 'Or', 484, NULL),
(1451, 'Argent', 484, NULL),
(1452, 'Bronze', 484, NULL),
(1453, 'Or', 485, NULL),
(1454, 'Argent', 485, NULL),
(1455, 'Bronze', 485, NULL),
(1456, 'Or', 486, NULL),
(1457, 'Argent', 486, NULL),
(1458, 'Bronze', 486, NULL),
(1459, 'Or', 487, NULL),
(1460, 'Argent', 487, NULL),
(1461, 'Bronze', 487, NULL),
(1462, 'Or', 488, NULL),
(1463, 'Argent', 488, NULL),
(1464, 'Bronze', 488, NULL),
(1465, 'Or', 489, NULL),
(1466, 'Argent', 489, NULL),
(1467, 'Bronze', 489, NULL),
(1468, 'Or', 490, NULL),
(1469, 'Argent', 490, NULL),
(1470, 'Bronze', 490, NULL),
(1471, 'Or', 491, NULL),
(1472, 'Argent', 491, NULL),
(1473, 'Bronze', 491, NULL),
(1474, 'Or', 492, NULL),
(1475, 'Argent', 492, NULL),
(1476, 'Bronze', 492, NULL),
(1477, 'Or', 493, NULL),
(1478, 'Argent', 493, NULL),
(1479, 'Bronze', 493, NULL),
(1480, 'Or', 494, NULL),
(1481, 'Argent', 494, NULL),
(1482, 'Bronze', 494, NULL),
(1483, 'Or', 495, NULL),
(1484, 'Argent', 495, NULL),
(1485, 'Bronze', 495, NULL),
(1486, 'Or', 496, NULL),
(1487, 'Argent', 496, NULL),
(1488, 'Bronze', 496, NULL),
(1489, 'Or', 497, NULL),
(1490, 'Argent', 497, NULL),
(1491, 'Bronze', 497, NULL),
(1492, 'Or', 498, NULL),
(1493, 'Argent', 498, NULL),
(1494, 'Bronze', 498, NULL),
(1495, 'Or', 499, NULL),
(1496, 'Argent', 499, NULL),
(1497, 'Bronze', 499, NULL),
(1498, 'Or', 500, NULL),
(1499, 'Argent', 500, NULL),
(1500, 'Bronze', 500, NULL),
(1501, 'Or', 501, NULL),
(1502, 'Argent', 501, NULL),
(1503, 'Bronze', 501, NULL),
(1504, 'Or', 502, NULL),
(1505, 'Argent', 502, NULL),
(1506, 'Bronze', 502, NULL),
(1507, 'Or', 503, NULL),
(1508, 'Argent', 503, NULL),
(1509, 'Bronze', 503, NULL),
(1510, 'Or', 504, NULL),
(1511, 'Argent', 504, NULL),
(1512, 'Bronze', 504, NULL),
(1513, 'Or', 505, NULL),
(1514, 'Argent', 505, NULL),
(1515, 'Bronze', 505, NULL),
(1516, 'Or', 506, NULL),
(1517, 'Argent', 506, NULL),
(1518, 'Bronze', 506, NULL),
(1519, 'Or', 507, NULL),
(1520, 'Argent', 507, NULL),
(1521, 'Bronze', 507, NULL),
(1522, 'Or', 508, NULL),
(1523, 'Argent', 508, NULL),
(1524, 'Bronze', 508, NULL),
(1525, 'Or', 509, NULL),
(1526, 'Argent', 509, NULL),
(1527, 'Bronze', 509, NULL),
(1528, 'Or', 510, NULL),
(1529, 'Argent', 510, NULL),
(1530, 'Bronze', 510, NULL),
(1531, 'Or', 511, NULL),
(1532, 'Argent', 511, NULL),
(1533, 'Bronze', 511, NULL),
(1534, 'Or', 512, NULL),
(1535, 'Argent', 512, NULL),
(1536, 'Bronze', 512, NULL),
(1537, 'Or', 513, NULL),
(1538, 'Argent', 513, NULL),
(1539, 'Bronze', 513, NULL),
(1540, 'Or', 514, NULL),
(1541, 'Argent', 514, NULL),
(1542, 'Bronze', 514, NULL),
(1543, 'Or', 515, NULL),
(1544, 'Argent', 515, NULL),
(1545, 'Bronze', 515, NULL),
(1546, 'Or', 516, NULL),
(1547, 'Argent', 516, NULL),
(1548, 'Bronze', 516, NULL),
(1549, 'Or', 517, NULL),
(1550, 'Argent', 517, NULL),
(1551, 'Bronze', 517, NULL),
(1552, 'Or', 518, NULL),
(1553, 'Argent', 518, NULL),
(1554, 'Bronze', 518, NULL),
(1555, 'Or', 519, NULL),
(1556, 'Argent', 519, NULL),
(1557, 'Bronze', 519, NULL),
(1558, 'Or', 520, NULL),
(1559, 'Argent', 520, NULL),
(1560, 'Bronze', 520, NULL),
(1561, 'Or', 521, NULL),
(1562, 'Argent', 521, NULL),
(1563, 'Bronze', 521, NULL),
(1564, 'Or', 522, NULL),
(1565, 'Argent', 522, NULL),
(1566, 'Bronze', 522, NULL),
(1567, 'Or', 523, NULL),
(1568, 'Argent', 523, NULL),
(1569, 'Bronze', 523, NULL),
(1570, 'Or', 524, NULL),
(1571, 'Argent', 524, NULL),
(1572, 'Bronze', 524, NULL),
(1573, 'Or', 525, NULL),
(1574, 'Argent', 525, NULL),
(1575, 'Bronze', 525, NULL),
(1576, 'Or', 526, NULL),
(1577, 'Argent', 526, NULL),
(1578, 'Bronze', 526, NULL),
(1579, 'Or', 527, NULL),
(1580, 'Argent', 527, NULL),
(1581, 'Bronze', 527, NULL),
(1582, 'Or', 528, NULL),
(1583, 'Argent', 528, NULL),
(1584, 'Bronze', 528, NULL),
(1585, 'Or', 529, NULL),
(1586, 'Argent', 529, NULL),
(1587, 'Bronze', 529, NULL),
(1588, 'Or', 530, NULL),
(1589, 'Argent', 530, NULL),
(1590, 'Bronze', 530, NULL),
(1591, 'Or', 531, NULL),
(1592, 'Argent', 531, NULL),
(1593, 'Bronze', 531, NULL),
(1594, 'Or', 532, NULL),
(1595, 'Argent', 532, NULL),
(1596, 'Bronze', 532, NULL),
(1597, 'Or', 533, NULL),
(1598, 'Argent', 533, NULL),
(1599, 'Bronze', 533, NULL),
(1600, 'Or', 534, NULL),
(1601, 'Argent', 534, NULL),
(1602, 'Bronze', 534, NULL),
(1603, 'Or', 535, NULL),
(1604, 'Argent', 535, NULL),
(1605, 'Bronze', 535, NULL),
(1606, 'Or', 536, NULL),
(1607, 'Argent', 536, NULL),
(1608, 'Bronze', 536, NULL),
(1609, 'Or', 537, NULL),
(1610, 'Argent', 537, NULL),
(1611, 'Bronze', 537, NULL),
(1612, 'Or', 538, NULL),
(1613, 'Argent', 538, NULL),
(1614, 'Bronze', 538, NULL),
(1615, 'Or', 539, NULL),
(1616, 'Argent', 539, NULL),
(1617, 'Bronze', 539, NULL),
(1618, 'Or', 540, NULL),
(1619, 'Argent', 540, NULL),
(1620, 'Bronze', 540, NULL),
(1621, 'Or', 541, NULL),
(1622, 'Argent', 541, NULL),
(1623, 'Bronze', 541, NULL),
(1624, 'Or', 542, NULL),
(1625, 'Argent', 542, NULL),
(1626, 'Bronze', 542, NULL),
(1627, 'Or', 543, NULL),
(1628, 'Argent', 543, NULL),
(1629, 'Bronze', 543, NULL),
(1630, 'Or', 544, NULL),
(1631, 'Argent', 544, NULL),
(1632, 'Bronze', 544, NULL),
(1633, 'Or', 545, NULL),
(1634, 'Argent', 545, NULL),
(1635, 'Bronze', 545, NULL),
(1636, 'Or', 546, NULL),
(1637, 'Argent', 546, NULL),
(1638, 'Bronze', 546, NULL),
(1639, 'Or', 547, NULL),
(1640, 'Argent', 547, NULL),
(1641, 'Bronze', 547, NULL),
(1642, 'Or', 548, NULL),
(1643, 'Argent', 548, NULL),
(1644, 'Bronze', 548, NULL),
(1645, 'Or', 549, NULL),
(1646, 'Argent', 549, NULL),
(1647, 'Bronze', 549, NULL),
(1648, 'Or', 550, NULL),
(1649, 'Argent', 550, NULL),
(1650, 'Bronze', 550, NULL),
(1651, 'Or', 551, NULL),
(1652, 'Argent', 551, NULL),
(1653, 'Bronze', 551, NULL),
(1654, 'Or', 552, NULL),
(1655, 'Argent', 552, NULL),
(1656, 'Bronze', 552, NULL),
(1657, 'Or', 553, NULL),
(1658, 'Argent', 553, NULL),
(1659, 'Bronze', 553, NULL),
(1660, 'Or', 554, NULL),
(1661, 'Argent', 554, NULL),
(1662, 'Bronze', 554, NULL),
(1663, 'Or', 555, NULL),
(1664, 'Argent', 555, NULL),
(1665, 'Bronze', 555, NULL),
(1666, 'Or', 556, NULL),
(1667, 'Argent', 556, NULL),
(1668, 'Bronze', 556, NULL),
(1669, 'Or', 557, NULL),
(1670, 'Argent', 557, NULL),
(1671, 'Bronze', 557, NULL),
(1672, 'Or', 558, NULL),
(1673, 'Argent', 558, NULL),
(1674, 'Bronze', 558, NULL),
(1675, 'Or', 559, NULL),
(1676, 'Argent', 559, NULL),
(1677, 'Bronze', 559, NULL),
(1678, 'Or', 560, NULL),
(1679, 'Argent', 560, NULL),
(1680, 'Bronze', 560, NULL),
(1681, 'Or', 561, NULL),
(1682, 'Argent', 561, NULL),
(1683, 'Bronze', 561, NULL),
(1684, 'Or', 562, NULL),
(1685, 'Argent', 562, NULL),
(1686, 'Bronze', 562, NULL),
(1687, 'Or', 563, NULL),
(1688, 'Argent', 563, NULL),
(1689, 'Bronze', 563, NULL),
(1690, 'Or', 564, NULL),
(1691, 'Argent', 564, NULL),
(1692, 'Bronze', 564, NULL),
(1693, 'Or', 565, NULL),
(1694, 'Argent', 565, NULL),
(1695, 'Bronze', 565, NULL),
(1696, 'Or', 566, NULL),
(1697, 'Argent', 566, NULL),
(1698, 'Bronze', 566, NULL),
(1699, 'Or', 567, NULL),
(1700, 'Argent', 567, NULL),
(1701, 'Bronze', 567, NULL),
(1702, 'Or', 568, NULL),
(1703, 'Argent', 568, NULL),
(1704, 'Bronze', 568, NULL),
(1705, 'Or', 569, NULL),
(1706, 'Argent', 569, NULL),
(1707, 'Bronze', 569, NULL),
(1708, 'Or', 570, NULL),
(1709, 'Argent', 570, NULL),
(1710, 'Bronze', 570, NULL),
(1711, 'Or', 571, NULL),
(1712, 'Argent', 571, NULL),
(1713, 'Bronze', 571, NULL),
(1714, 'Or', 572, NULL),
(1715, 'Argent', 572, NULL),
(1716, 'Bronze', 572, NULL),
(1717, 'Or', 573, NULL),
(1718, 'Argent', 573, NULL),
(1719, 'Bronze', 573, NULL),
(1720, 'Or', 574, NULL),
(1721, 'Argent', 574, NULL),
(1722, 'Bronze', 574, NULL),
(1723, 'Or', 575, NULL),
(1724, 'Argent', 575, NULL),
(1725, 'Bronze', 575, NULL),
(1726, 'Or', 576, NULL),
(1727, 'Argent', 576, NULL),
(1728, 'Bronze', 576, NULL),
(1729, 'Or', 577, NULL),
(1730, 'Argent', 577, NULL),
(1731, 'Bronze', 577, NULL),
(1732, 'Or', 578, NULL),
(1733, 'Argent', 578, NULL),
(1734, 'Bronze', 578, NULL),
(1735, 'Or', 579, NULL),
(1736, 'Argent', 579, NULL),
(1737, 'Bronze', 579, NULL),
(1738, 'Or', 580, NULL),
(1739, 'Argent', 580, NULL),
(1740, 'Bronze', 580, NULL),
(1741, 'Or', 581, NULL),
(1742, 'Argent', 581, NULL),
(1743, 'Bronze', 581, NULL),
(1744, 'Or', 582, NULL),
(1745, 'Argent', 582, NULL),
(1746, 'Bronze', 582, NULL),
(1747, 'Or', 583, NULL),
(1748, 'Argent', 583, NULL),
(1749, 'Bronze', 583, NULL),
(1750, 'Or', 584, NULL),
(1751, 'Argent', 584, NULL),
(1752, 'Bronze', 584, NULL),
(1753, 'Or', 585, NULL),
(1754, 'Argent', 585, NULL),
(1755, 'Bronze', 585, NULL),
(1756, 'Or', 586, NULL),
(1757, 'Argent', 586, NULL),
(1758, 'Bronze', 586, NULL),
(1759, 'Or', 587, NULL),
(1760, 'Argent', 587, NULL),
(1761, 'Bronze', 587, NULL),
(1762, 'Or', 588, NULL),
(1763, 'Argent', 588, NULL),
(1764, 'Bronze', 588, NULL),
(1765, 'Or', 589, NULL),
(1766, 'Argent', 589, NULL),
(1767, 'Bronze', 589, NULL),
(1768, 'Or', 590, NULL),
(1769, 'Argent', 590, NULL),
(1770, 'Bronze', 590, NULL),
(1771, 'Or', 591, NULL),
(1772, 'Argent', 591, NULL),
(1773, 'Bronze', 591, NULL),
(1774, 'Or', 592, NULL),
(1775, 'Argent', 592, NULL),
(1776, 'Bronze', 592, NULL),
(1777, 'Or', 593, NULL),
(1778, 'Argent', 593, NULL),
(1779, 'Bronze', 593, NULL),
(1780, 'Or', 594, NULL),
(1781, 'Argent', 594, NULL),
(1782, 'Bronze', 594, NULL),
(1783, 'Or', 595, NULL),
(1784, 'Argent', 595, NULL),
(1785, 'Bronze', 595, NULL),
(1786, 'Or', 596, NULL),
(1787, 'Argent', 596, NULL),
(1788, 'Bronze', 596, NULL),
(1789, 'Or', 597, NULL),
(1790, 'Argent', 597, NULL),
(1791, 'Bronze', 597, NULL),
(1792, 'Or', 598, NULL),
(1793, 'Argent', 598, NULL),
(1794, 'Bronze', 598, NULL),
(1795, 'Or', 599, NULL),
(1796, 'Argent', 599, NULL),
(1797, 'Bronze', 599, NULL),
(1798, 'Or', 600, NULL),
(1799, 'Argent', 600, NULL),
(1800, 'Bronze', 600, NULL),
(1801, 'Or', 601, NULL),
(1802, 'Argent', 601, NULL),
(1803, 'Bronze', 601, NULL),
(1804, 'Or', 602, NULL),
(1805, 'Argent', 602, NULL),
(1806, 'Bronze', 602, NULL),
(1807, 'Or', 603, NULL),
(1808, 'Argent', 603, NULL),
(1809, 'Bronze', 603, NULL),
(1810, 'Or', 604, NULL),
(1811, 'Argent', 604, NULL),
(1812, 'Bronze', 604, NULL),
(1813, 'Or', 605, NULL),
(1814, 'Argent', 605, NULL),
(1815, 'Bronze', 605, NULL),
(1816, 'Or', 606, NULL),
(1817, 'Argent', 606, NULL),
(1818, 'Bronze', 606, NULL),
(1819, 'Or', 607, NULL),
(1820, 'Argent', 607, NULL),
(1821, 'Bronze', 607, NULL),
(1822, 'Or', 608, NULL),
(1823, 'Argent', 608, NULL),
(1824, 'Bronze', 608, NULL),
(1825, 'Or', 609, NULL),
(1826, 'Argent', 609, NULL),
(1827, 'Bronze', 609, NULL),
(1828, 'Or', 610, NULL),
(1829, 'Argent', 610, NULL),
(1830, 'Bronze', 610, NULL),
(1831, 'Or', 611, NULL),
(1832, 'Argent', 611, NULL),
(1833, 'Bronze', 611, NULL),
(1834, 'Or', 612, NULL),
(1835, 'Argent', 612, NULL),
(1836, 'Bronze', 612, NULL),
(1837, 'Or', 613, NULL),
(1838, 'Argent', 613, NULL),
(1839, 'Bronze', 613, NULL),
(1840, 'Or', 614, NULL),
(1841, 'Argent', 614, NULL),
(1842, 'Bronze', 614, NULL),
(1843, 'Or', 615, NULL),
(1844, 'Argent', 615, NULL),
(1845, 'Bronze', 615, NULL),
(1846, 'Or', 616, NULL),
(1847, 'Argent', 616, NULL),
(1848, 'Bronze', 616, NULL),
(1849, 'Or', 617, NULL),
(1850, 'Argent', 617, NULL),
(1851, 'Bronze', 617, NULL),
(1852, 'Or', 618, NULL),
(1853, 'Argent', 618, NULL),
(1854, 'Bronze', 618, NULL),
(1855, 'Or', 619, NULL),
(1856, 'Argent', 619, NULL),
(1857, 'Bronze', 619, NULL),
(1858, 'Or', 620, NULL),
(1859, 'Argent', 620, NULL),
(1860, 'Bronze', 620, NULL),
(1861, 'Or', 621, NULL),
(1862, 'Argent', 621, NULL),
(1863, 'Bronze', 621, NULL),
(1864, 'Or', 622, NULL),
(1865, 'Argent', 622, NULL),
(1866, 'Bronze', 622, NULL),
(1867, 'Or', 623, NULL),
(1868, 'Argent', 623, NULL),
(1869, 'Bronze', 623, NULL),
(1870, 'Or', 624, NULL),
(1871, 'Argent', 624, NULL),
(1872, 'Bronze', 624, NULL),
(1873, 'Or', 625, NULL),
(1874, 'Argent', 625, NULL),
(1875, 'Bronze', 625, NULL),
(1876, 'Or', 626, NULL),
(1877, 'Argent', 626, NULL),
(1878, 'Bronze', 626, NULL),
(1879, 'Or', 627, NULL),
(1880, 'Argent', 627, NULL),
(1881, 'Bronze', 627, NULL),
(1882, 'Or', 628, NULL),
(1883, 'Argent', 628, NULL),
(1884, 'Bronze', 628, NULL),
(1885, 'Or', 629, NULL),
(1886, 'Argent', 629, NULL),
(1887, 'Bronze', 629, NULL),
(1888, 'Or', 630, NULL),
(1889, 'Argent', 630, NULL),
(1890, 'Bronze', 630, NULL),
(1891, 'Or', 631, NULL),
(1892, 'Argent', 631, NULL),
(1893, 'Bronze', 631, NULL),
(1894, 'Or', 632, NULL),
(1895, 'Argent', 632, NULL),
(1896, 'Bronze', 632, NULL),
(1897, 'Or', 633, NULL),
(1898, 'Argent', 633, NULL),
(1899, 'Bronze', 633, NULL),
(1900, 'Or', 634, NULL),
(1901, 'Argent', 634, NULL),
(1902, 'Bronze', 634, NULL),
(1903, 'Or', 635, NULL),
(1904, 'Argent', 635, NULL),
(1905, 'Bronze', 635, NULL),
(1906, 'Or', 636, NULL),
(1907, 'Argent', 636, NULL),
(1908, 'Bronze', 636, NULL),
(1909, 'Or', 637, NULL),
(1910, 'Argent', 637, NULL),
(1911, 'Bronze', 637, NULL),
(1912, 'Or', 638, NULL),
(1913, 'Argent', 638, NULL),
(1914, 'Bronze', 638, NULL),
(1915, 'Or', 639, NULL),
(1916, 'Argent', 639, NULL),
(1917, 'Bronze', 639, NULL),
(1918, 'Or', 640, NULL),
(1919, 'Argent', 640, NULL),
(1920, 'Bronze', 640, NULL),
(1921, 'Or', 641, NULL),
(1922, 'Argent', 641, NULL),
(1923, 'Bronze', 641, NULL),
(1924, 'Or', 642, NULL),
(1925, 'Argent', 642, NULL),
(1926, 'Bronze', 642, NULL),
(1927, 'Or', 643, NULL),
(1928, 'Argent', 643, NULL),
(1929, 'Bronze', 643, NULL),
(1930, 'Or', 644, NULL),
(1931, 'Argent', 644, NULL),
(1932, 'Bronze', 644, NULL),
(1933, 'Or', 645, NULL),
(1934, 'Argent', 645, NULL),
(1935, 'Bronze', 645, NULL),
(1936, 'Or', 646, NULL),
(1937, 'Argent', 646, NULL),
(1938, 'Bronze', 646, NULL),
(1939, 'Or', 647, NULL),
(1940, 'Argent', 647, NULL),
(1941, 'Bronze', 647, NULL),
(1942, 'Or', 648, NULL),
(1943, 'Argent', 648, NULL),
(1944, 'Bronze', 648, NULL),
(1945, 'Or', 649, NULL),
(1946, 'Argent', 649, NULL),
(1947, 'Bronze', 649, NULL),
(1948, 'Or', 650, NULL),
(1949, 'Argent', 650, NULL),
(1950, 'Bronze', 650, NULL),
(1951, 'Or', 651, NULL),
(1952, 'Argent', 651, NULL),
(1953, 'Bronze', 651, NULL),
(1954, 'Or', 652, NULL),
(1955, 'Argent', 652, NULL),
(1956, 'Bronze', 652, NULL),
(1957, 'Or', 653, NULL),
(1958, 'Argent', 653, NULL),
(1959, 'Bronze', 653, NULL),
(1960, 'Or', 654, NULL),
(1961, 'Argent', 654, NULL),
(1962, 'Bronze', 654, NULL),
(1963, 'Or', 655, NULL),
(1964, 'Argent', 655, NULL),
(1965, 'Bronze', 655, NULL),
(1966, 'Or', 656, NULL),
(1967, 'Argent', 656, NULL),
(1968, 'Bronze', 656, NULL),
(1969, 'Or', 657, NULL),
(1970, 'Argent', 657, NULL),
(1971, 'Bronze', 657, NULL),
(1972, 'Or', 658, NULL),
(1973, 'Argent', 658, NULL),
(1974, 'Bronze', 658, NULL),
(1975, 'Or', 659, NULL),
(1976, 'Argent', 659, NULL),
(1977, 'Bronze', 659, NULL),
(1978, 'Or', 660, NULL),
(1979, 'Argent', 660, NULL),
(1980, 'Bronze', 660, NULL),
(1981, 'Or', 661, NULL),
(1982, 'Argent', 661, NULL),
(1983, 'Bronze', 661, NULL),
(1984, 'Or', 662, NULL),
(1985, 'Argent', 662, NULL),
(1986, 'Bronze', 662, NULL),
(1987, 'Or', 663, NULL),
(1988, 'Argent', 663, NULL),
(1989, 'Bronze', 663, NULL),
(1990, 'Or', 664, NULL),
(1991, 'Argent', 664, NULL),
(1992, 'Bronze', 664, NULL),
(1993, 'Or', 665, NULL),
(1994, 'Argent', 665, NULL),
(1995, 'Bronze', 665, NULL),
(1996, 'Or', 666, NULL),
(1997, 'Argent', 666, NULL),
(1998, 'Bronze', 666, NULL),
(1999, 'Or', 667, NULL),
(2000, 'Argent', 667, NULL),
(2001, 'Bronze', 667, NULL),
(2002, 'Or', 668, NULL),
(2003, 'Argent', 668, NULL),
(2004, 'Bronze', 668, NULL),
(2005, 'Or', 669, NULL),
(2006, 'Argent', 669, NULL),
(2007, 'Bronze', 669, NULL),
(2008, 'Or', 670, NULL),
(2009, 'Argent', 670, NULL),
(2010, 'Bronze', 670, NULL),
(2011, 'Or', 671, NULL),
(2012, 'Argent', 671, NULL),
(2013, 'Bronze', 671, NULL),
(2014, 'Or', 672, NULL),
(2015, 'Argent', 672, NULL),
(2016, 'Bronze', 672, NULL),
(2017, 'Or', 673, NULL),
(2018, 'Argent', 673, NULL),
(2019, 'Bronze', 673, NULL),
(2020, 'Or', 674, NULL),
(2021, 'Argent', 674, NULL),
(2022, 'Bronze', 674, NULL),
(2023, 'Or', 675, NULL),
(2024, 'Argent', 675, NULL),
(2025, 'Bronze', 675, NULL),
(2026, 'Or', 676, NULL),
(2027, 'Argent', 676, NULL),
(2028, 'Bronze', 676, NULL),
(2029, 'Or', 677, NULL),
(2030, 'Argent', 677, NULL),
(2031, 'Bronze', 677, NULL),
(2032, 'Or', 678, NULL),
(2033, 'Argent', 678, NULL),
(2034, 'Bronze', 678, NULL),
(2035, 'Or', 679, NULL),
(2036, 'Argent', 679, NULL),
(2037, 'Bronze', 679, NULL),
(2038, 'Or', 680, NULL),
(2039, 'Argent', 680, NULL),
(2040, 'Bronze', 680, NULL),
(2041, 'Or', 681, NULL),
(2042, 'Argent', 681, NULL),
(2043, 'Bronze', 681, NULL),
(2044, 'Or', 682, NULL),
(2045, 'Argent', 682, NULL),
(2046, 'Bronze', 682, NULL),
(2047, 'Or', 683, NULL),
(2048, 'Argent', 683, NULL),
(2049, 'Bronze', 683, NULL),
(2050, 'Or', 684, NULL),
(2051, 'Argent', 684, NULL),
(2052, 'Bronze', 684, NULL),
(2053, 'Or', 685, NULL),
(2054, 'Argent', 685, NULL),
(2055, 'Bronze', 685, NULL),
(2056, 'Or', 686, NULL),
(2057, 'Argent', 686, NULL),
(2058, 'Bronze', 686, NULL),
(2059, 'Or', 687, NULL),
(2060, 'Argent', 687, NULL),
(2061, 'Bronze', 687, NULL),
(2062, 'Or', 688, NULL),
(2063, 'Argent', 688, NULL),
(2064, 'Bronze', 688, NULL),
(2065, 'Or', 689, NULL),
(2066, 'Argent', 689, NULL),
(2067, 'Bronze', 689, NULL),
(2068, 'Or', 690, NULL),
(2069, 'Argent', 690, NULL),
(2070, 'Bronze', 690, NULL),
(2071, 'Or', 691, NULL),
(2072, 'Argent', 691, NULL),
(2073, 'Bronze', 691, NULL),
(2074, 'Or', 692, NULL),
(2075, 'Argent', 692, NULL),
(2076, 'Bronze', 692, NULL),
(2077, 'Or', 693, NULL),
(2078, 'Argent', 693, NULL),
(2079, 'Bronze', 693, NULL),
(2080, 'Or', 694, NULL),
(2081, 'Argent', 694, NULL),
(2082, 'Bronze', 694, NULL),
(2083, 'Or', 695, NULL),
(2084, 'Argent', 695, NULL),
(2085, 'Bronze', 695, NULL),
(2086, 'Or', 696, NULL),
(2087, 'Argent', 696, NULL),
(2088, 'Bronze', 696, NULL),
(2089, 'Or', 697, NULL),
(2090, 'Argent', 697, NULL),
(2091, 'Bronze', 697, NULL),
(2092, 'Or', 698, NULL),
(2093, 'Argent', 698, NULL),
(2094, 'Bronze', 698, NULL),
(2095, 'Or', 699, NULL),
(2096, 'Argent', 699, NULL),
(2097, 'Bronze', 699, NULL),
(2098, 'Or', 700, NULL),
(2099, 'Argent', 700, NULL),
(2100, 'Bronze', 700, NULL),
(2101, 'Or', 701, NULL),
(2102, 'Argent', 701, NULL),
(2103, 'Bronze', 701, NULL),
(2104, 'Or', 702, NULL),
(2105, 'Argent', 702, NULL),
(2106, 'Bronze', 702, NULL),
(2107, 'Or', 703, NULL),
(2108, 'Argent', 703, NULL),
(2109, 'Bronze', 703, NULL),
(2110, 'Or', 704, NULL),
(2111, 'Argent', 704, NULL),
(2112, 'Bronze', 704, NULL),
(2113, 'Or', 705, NULL),
(2114, 'Argent', 705, NULL),
(2115, 'Bronze', 705, NULL),
(2116, 'Or', 706, NULL),
(2117, 'Argent', 706, NULL),
(2118, 'Bronze', 706, NULL),
(2119, 'Or', 707, NULL),
(2120, 'Argent', 707, NULL),
(2121, 'Bronze', 707, NULL),
(2122, 'Or', 708, NULL),
(2123, 'Argent', 708, NULL),
(2124, 'Bronze', 708, NULL),
(2125, 'Or', 709, NULL),
(2126, 'Argent', 709, NULL),
(2127, 'Bronze', 709, NULL),
(2128, 'Or', 710, NULL),
(2129, 'Argent', 710, NULL),
(2130, 'Bronze', 710, NULL),
(2131, 'Or', 711, NULL),
(2132, 'Argent', 711, NULL),
(2133, 'Bronze', 711, NULL),
(2134, 'Or', 712, NULL),
(2135, 'Argent', 712, NULL),
(2136, 'Bronze', 712, NULL),
(2137, 'Or', 713, NULL),
(2138, 'Argent', 713, NULL),
(2139, 'Bronze', 713, NULL),
(2140, 'Or', 714, NULL),
(2141, 'Argent', 714, NULL),
(2142, 'Bronze', 714, NULL),
(2143, 'Or', 715, NULL),
(2144, 'Argent', 715, NULL),
(2145, 'Bronze', 715, NULL),
(2146, 'Or', 716, NULL),
(2147, 'Argent', 716, NULL),
(2148, 'Bronze', 716, NULL),
(2149, 'Or', 717, NULL),
(2150, 'Argent', 717, NULL),
(2151, 'Bronze', 717, NULL),
(2152, 'Or', 718, NULL),
(2153, 'Argent', 718, NULL),
(2154, 'Bronze', 718, NULL),
(2155, 'Or', 719, NULL),
(2156, 'Argent', 719, NULL),
(2157, 'Bronze', 719, NULL),
(2158, 'Or', 720, NULL),
(2159, 'Argent', 720, NULL),
(2160, 'Bronze', 720, NULL),
(2161, 'Or', 721, NULL),
(2162, 'Argent', 721, NULL),
(2163, 'Bronze', 721, NULL),
(2164, 'Or', 722, NULL),
(2165, 'Argent', 722, NULL),
(2166, 'Bronze', 722, NULL),
(2167, 'Or', 723, NULL),
(2168, 'Argent', 723, NULL),
(2169, 'Bronze', 723, NULL),
(2170, 'Or', 724, NULL),
(2171, 'Argent', 724, NULL),
(2172, 'Bronze', 724, NULL),
(2173, 'Or', 725, NULL),
(2174, 'Argent', 725, NULL),
(2175, 'Bronze', 725, NULL),
(2176, 'Or', 726, NULL),
(2177, 'Argent', 726, NULL),
(2178, 'Bronze', 726, NULL),
(2179, 'Or', 727, NULL),
(2180, 'Argent', 727, NULL),
(2181, 'Bronze', 727, NULL),
(2182, 'Or', 728, NULL),
(2183, 'Argent', 728, NULL),
(2184, 'Bronze', 728, NULL),
(2185, 'Or', 729, NULL),
(2186, 'Argent', 729, NULL),
(2187, 'Bronze', 729, NULL),
(2188, 'Or', 730, NULL),
(2189, 'Argent', 730, NULL),
(2190, 'Bronze', 730, NULL),
(2191, 'Or', 731, NULL),
(2192, 'Argent', 731, NULL),
(2193, 'Bronze', 731, NULL),
(2194, 'Or', 732, NULL),
(2195, 'Argent', 732, NULL),
(2196, 'Bronze', 732, NULL),
(2197, 'Or', 733, NULL),
(2198, 'Argent', 733, NULL),
(2199, 'Bronze', 733, NULL),
(2200, 'Or', 734, NULL),
(2201, 'Argent', 734, NULL),
(2202, 'Bronze', 734, NULL),
(2203, 'Or', 735, NULL),
(2204, 'Argent', 735, NULL),
(2205, 'Bronze', 735, NULL),
(2206, 'Or', 736, NULL),
(2207, 'Argent', 736, NULL),
(2208, 'Bronze', 736, NULL),
(2209, 'Or', 737, NULL),
(2210, 'Argent', 737, NULL),
(2211, 'Bronze', 737, NULL),
(2212, 'Or', 738, NULL),
(2213, 'Argent', 738, NULL),
(2214, 'Bronze', 738, NULL),
(2215, 'Or', 739, NULL),
(2216, 'Argent', 739, NULL),
(2217, 'Bronze', 739, NULL),
(2218, 'Or', 740, NULL),
(2219, 'Argent', 740, NULL),
(2220, 'Bronze', 740, NULL),
(2221, 'Or', 741, NULL),
(2222, 'Argent', 741, NULL),
(2223, 'Bronze', 741, NULL),
(2224, 'Or', 742, NULL),
(2225, 'Argent', 742, NULL),
(2226, 'Bronze', 742, NULL),
(2227, 'Or', 743, NULL),
(2228, 'Argent', 743, NULL),
(2229, 'Bronze', 743, NULL),
(2230, 'Or', 744, NULL),
(2231, 'Argent', 744, NULL),
(2232, 'Bronze', 744, NULL),
(2233, 'Or', 745, NULL),
(2234, 'Argent', 745, NULL),
(2235, 'Bronze', 745, NULL),
(2236, 'Or', 746, NULL),
(2237, 'Argent', 746, NULL),
(2238, 'Bronze', 746, NULL),
(2239, 'Or', 747, NULL),
(2240, 'Argent', 747, NULL),
(2241, 'Bronze', 747, NULL),
(2242, 'Or', 748, NULL),
(2243, 'Argent', 748, NULL),
(2244, 'Bronze', 748, NULL),
(2245, 'Or', 749, NULL),
(2246, 'Argent', 749, NULL),
(2247, 'Bronze', 749, NULL),
(2248, 'Or', 750, NULL),
(2249, 'Argent', 750, NULL),
(2250, 'Bronze', 750, NULL),
(2251, 'Or', 751, NULL),
(2252, 'Argent', 751, NULL),
(2253, 'Bronze', 751, NULL),
(2254, 'Or', 752, NULL),
(2255, 'Argent', 752, NULL),
(2256, 'Bronze', 752, NULL),
(2257, 'Or', 753, NULL),
(2258, 'Argent', 753, NULL),
(2259, 'Bronze', 753, NULL),
(2260, 'Or', 754, NULL),
(2261, 'Argent', 754, NULL),
(2262, 'Bronze', 754, NULL),
(2263, 'Or', 755, NULL),
(2264, 'Argent', 755, NULL),
(2265, 'Bronze', 755, NULL),
(2266, 'Or', 756, NULL),
(2267, 'Argent', 756, NULL),
(2268, 'Bronze', 756, NULL),
(2269, 'Or', 757, NULL),
(2270, 'Argent', 757, NULL),
(2271, 'Bronze', 757, NULL),
(2272, 'Or', 758, NULL),
(2273, 'Argent', 758, NULL),
(2274, 'Bronze', 758, NULL),
(2275, 'Or', 759, NULL),
(2276, 'Argent', 759, NULL),
(2277, 'Bronze', 759, NULL),
(2278, 'Or', 760, NULL),
(2279, 'Argent', 760, NULL),
(2280, 'Bronze', 760, NULL),
(2281, 'Or', 761, NULL),
(2282, 'Argent', 761, NULL),
(2283, 'Bronze', 761, NULL),
(2284, 'Or', 762, NULL),
(2285, 'Argent', 762, NULL),
(2286, 'Bronze', 762, NULL),
(2287, 'Or', 763, NULL),
(2288, 'Argent', 763, NULL),
(2289, 'Bronze', 763, NULL),
(2290, 'Or', 764, NULL),
(2291, 'Argent', 764, NULL),
(2292, 'Bronze', 764, NULL),
(2293, 'Or', 765, NULL),
(2294, 'Argent', 765, NULL),
(2295, 'Bronze', 765, NULL),
(2296, 'Or', 766, NULL),
(2297, 'Argent', 766, NULL),
(2298, 'Bronze', 766, NULL),
(2299, 'Or', 767, NULL),
(2300, 'Argent', 767, NULL),
(2301, 'Bronze', 767, NULL),
(2302, 'Or', 768, NULL),
(2303, 'Argent', 768, NULL),
(2304, 'Bronze', 768, NULL),
(2305, 'Or', 769, NULL),
(2306, 'Argent', 769, NULL),
(2307, 'Bronze', 769, NULL),
(2308, 'Or', 770, NULL),
(2309, 'Argent', 770, NULL),
(2310, 'Bronze', 770, NULL),
(2311, 'Or', 771, NULL),
(2312, 'Argent', 771, NULL),
(2313, 'Bronze', 771, NULL),
(2314, 'Or', 772, NULL),
(2315, 'Argent', 772, NULL),
(2316, 'Bronze', 772, NULL),
(2317, 'Or', 773, NULL),
(2318, 'Argent', 773, NULL),
(2319, 'Bronze', 773, NULL),
(2320, 'Or', 774, NULL),
(2321, 'Argent', 774, NULL),
(2322, 'Bronze', 774, NULL),
(2323, 'Or', 775, NULL),
(2324, 'Argent', 775, NULL),
(2325, 'Bronze', 775, NULL),
(2326, 'Or', 776, NULL),
(2327, 'Argent', 776, NULL),
(2328, 'Bronze', 776, NULL),
(2329, 'Or', 777, NULL),
(2330, 'Argent', 777, NULL),
(2331, 'Bronze', 777, NULL),
(2332, 'Or', 778, NULL),
(2333, 'Argent', 778, NULL),
(2334, 'Bronze', 778, NULL),
(2335, 'Or', 779, NULL),
(2336, 'Argent', 779, NULL),
(2337, 'Bronze', 779, NULL),
(2338, 'Or', 780, NULL),
(2339, 'Argent', 780, NULL),
(2340, 'Bronze', 780, NULL),
(2341, 'Or', 781, NULL),
(2342, 'Argent', 781, NULL),
(2343, 'Bronze', 781, NULL),
(2344, 'Or', 782, NULL),
(2345, 'Argent', 782, NULL),
(2346, 'Bronze', 782, NULL),
(2347, 'Or', 783, NULL),
(2348, 'Argent', 783, NULL),
(2349, 'Bronze', 783, NULL),
(2350, 'Or', 784, NULL),
(2351, 'Argent', 784, NULL),
(2352, 'Bronze', 784, NULL),
(2353, 'Or', 785, NULL),
(2354, 'Argent', 785, NULL),
(2355, 'Bronze', 785, NULL),
(2356, 'Or', 786, NULL),
(2357, 'Argent', 786, NULL),
(2358, 'Bronze', 786, NULL),
(2359, 'Or', 787, NULL),
(2360, 'Argent', 787, NULL),
(2361, 'Bronze', 787, NULL),
(2362, 'Or', 788, NULL),
(2363, 'Argent', 788, NULL),
(2364, 'Bronze', 788, NULL),
(2365, 'Or', 789, NULL),
(2366, 'Argent', 789, NULL),
(2367, 'Bronze', 789, NULL),
(2368, 'Or', 790, NULL),
(2369, 'Argent', 790, NULL),
(2370, 'Bronze', 790, NULL),
(2371, 'Or', 791, NULL),
(2372, 'Argent', 791, NULL),
(2373, 'Bronze', 791, NULL),
(2374, 'Or', 792, NULL),
(2375, 'Argent', 792, NULL),
(2376, 'Bronze', 792, NULL),
(2377, 'Or', 793, NULL),
(2378, 'Argent', 793, NULL),
(2379, 'Bronze', 793, NULL),
(2380, 'Or', 794, NULL),
(2381, 'Argent', 794, NULL),
(2382, 'Bronze', 794, NULL),
(2383, 'Or', 795, NULL),
(2384, 'Argent', 795, NULL),
(2385, 'Bronze', 795, NULL),
(2386, 'Or', 796, NULL),
(2387, 'Argent', 796, NULL),
(2388, 'Bronze', 796, NULL),
(2389, 'Or', 797, NULL),
(2390, 'Argent', 797, NULL),
(2391, 'Bronze', 797, NULL),
(2392, 'Or', 798, NULL),
(2393, 'Argent', 798, NULL),
(2394, 'Bronze', 798, NULL),
(2395, 'Or', 799, NULL),
(2396, 'Argent', 799, NULL),
(2397, 'Bronze', 799, NULL),
(2398, 'Or', 800, NULL),
(2399, 'Argent', 800, NULL),
(2400, 'Bronze', 800, NULL),
(2401, 'Or', 801, NULL),
(2402, 'Argent', 801, NULL),
(2403, 'Bronze', 801, NULL),
(2404, 'Or', 802, NULL),
(2405, 'Argent', 802, NULL),
(2406, 'Bronze', 802, NULL),
(2407, 'Or', 803, NULL),
(2408, 'Argent', 803, NULL),
(2409, 'Bronze', 803, NULL),
(2410, 'Or', 804, NULL),
(2411, 'Argent', 804, NULL),
(2412, 'Bronze', 804, NULL),
(2413, 'Or', 805, NULL),
(2414, 'Argent', 805, NULL),
(2415, 'Bronze', 805, NULL),
(2416, 'Or', 806, NULL),
(2417, 'Argent', 806, NULL),
(2418, 'Bronze', 806, NULL),
(2419, 'Or', 807, NULL),
(2420, 'Argent', 807, NULL),
(2421, 'Bronze', 807, NULL),
(2422, 'Or', 808, NULL),
(2423, 'Argent', 808, NULL),
(2424, 'Bronze', 808, NULL),
(2425, 'Or', 809, NULL),
(2426, 'Argent', 809, NULL),
(2427, 'Bronze', 809, NULL),
(2428, 'Or', 810, NULL),
(2429, 'Argent', 810, NULL),
(2430, 'Bronze', 810, NULL),
(2431, 'Or', 811, NULL),
(2432, 'Argent', 811, NULL),
(2433, 'Bronze', 811, NULL),
(2434, 'Or', 812, NULL),
(2435, 'Argent', 812, NULL),
(2436, 'Bronze', 812, NULL),
(2437, 'Or', 813, NULL),
(2438, 'Argent', 813, NULL),
(2439, 'Bronze', 813, NULL),
(2440, 'Or', 814, NULL),
(2441, 'Argent', 814, NULL),
(2442, 'Bronze', 814, NULL),
(2443, 'Or', 815, NULL),
(2444, 'Argent', 815, NULL),
(2445, 'Bronze', 815, NULL),
(2446, 'Or', 816, NULL),
(2447, 'Argent', 816, NULL),
(2448, 'Bronze', 816, NULL),
(2449, 'Or', 817, NULL),
(2450, 'Argent', 817, NULL),
(2451, 'Bronze', 817, NULL),
(2452, 'Or', 818, NULL),
(2453, 'Argent', 818, NULL),
(2454, 'Bronze', 818, NULL),
(2455, 'Or', 819, NULL),
(2456, 'Argent', 819, NULL),
(2457, 'Bronze', 819, NULL),
(2458, 'Or', 820, NULL),
(2459, 'Argent', 820, NULL),
(2460, 'Bronze', 820, NULL),
(2461, 'Or', 821, NULL),
(2462, 'Argent', 821, NULL),
(2463, 'Bronze', 821, NULL),
(2464, 'Or', 822, NULL),
(2465, 'Argent', 822, NULL),
(2466, 'Bronze', 822, NULL),
(2467, 'Or', 823, NULL),
(2468, 'Argent', 823, NULL),
(2469, 'Bronze', 823, NULL),
(2470, 'Or', 824, NULL),
(2471, 'Argent', 824, NULL),
(2472, 'Bronze', 824, NULL),
(2473, 'Or', 825, NULL),
(2474, 'Argent', 825, NULL),
(2475, 'Bronze', 825, NULL),
(2476, 'Or', 826, NULL),
(2477, 'Argent', 826, NULL),
(2478, 'Bronze', 826, NULL),
(2479, 'Or', 827, NULL),
(2480, 'Argent', 827, NULL),
(2481, 'Bronze', 827, NULL),
(2482, 'Or', 828, NULL),
(2483, 'Argent', 828, NULL),
(2484, 'Bronze', 828, NULL),
(2485, 'Or', 829, NULL),
(2486, 'Argent', 829, NULL),
(2487, 'Bronze', 829, NULL),
(2488, 'Or', 830, NULL),
(2489, 'Argent', 830, NULL),
(2490, 'Bronze', 830, NULL),
(2491, 'Or', 831, NULL),
(2492, 'Argent', 831, NULL),
(2493, 'Bronze', 831, NULL),
(2494, 'Or', 832, NULL),
(2495, 'Argent', 832, NULL),
(2496, 'Bronze', 832, NULL),
(2497, 'Or', 833, NULL),
(2498, 'Argent', 833, NULL),
(2499, 'Bronze', 833, NULL),
(2500, 'Or', 834, NULL),
(2501, 'Argent', 834, NULL),
(2502, 'Bronze', 834, NULL),
(2503, 'Or', 835, NULL),
(2504, 'Argent', 835, NULL),
(2505, 'Bronze', 835, NULL),
(2506, 'Or', 836, NULL),
(2507, 'Argent', 836, NULL),
(2508, 'Bronze', 836, NULL),
(2509, 'Or', 837, NULL),
(2510, 'Argent', 837, NULL),
(2511, 'Bronze', 837, NULL),
(2512, 'Or', 838, NULL),
(2513, 'Argent', 838, NULL),
(2514, 'Bronze', 838, NULL),
(2515, 'Or', 839, NULL),
(2516, 'Argent', 839, NULL),
(2517, 'Bronze', 839, NULL),
(2518, 'Or', 840, NULL),
(2519, 'Argent', 840, NULL),
(2520, 'Bronze', 840, NULL),
(2521, 'Or', 841, NULL),
(2522, 'Argent', 841, NULL),
(2523, 'Bronze', 841, NULL),
(2524, 'Or', 842, NULL),
(2525, 'Argent', 842, NULL),
(2526, 'Bronze', 842, NULL),
(2527, 'Or', 843, NULL),
(2528, 'Argent', 843, NULL),
(2529, 'Bronze', 843, NULL),
(2530, 'Or', 844, NULL),
(2531, 'Argent', 844, NULL),
(2532, 'Bronze', 844, NULL),
(2533, 'Or', 845, NULL),
(2534, 'Argent', 845, NULL),
(2535, 'Bronze', 845, NULL),
(2536, 'Or', 846, NULL),
(2537, 'Argent', 846, NULL),
(2538, 'Bronze', 846, NULL),
(2539, 'Or', 847, NULL),
(2540, 'Argent', 847, NULL),
(2541, 'Bronze', 847, NULL),
(2542, 'Or', 848, NULL),
(2543, 'Argent', 848, NULL),
(2544, 'Bronze', 848, NULL),
(2545, 'Or', 849, NULL),
(2546, 'Argent', 849, NULL),
(2547, 'Bronze', 849, NULL),
(2548, 'Or', 850, NULL),
(2549, 'Argent', 850, NULL),
(2550, 'Bronze', 850, NULL),
(2551, 'Or', 851, NULL),
(2552, 'Argent', 851, NULL),
(2553, 'Bronze', 851, NULL),
(2554, 'Or', 852, NULL),
(2555, 'Argent', 852, NULL),
(2556, 'Bronze', 852, NULL),
(2557, 'Or', 853, NULL),
(2558, 'Argent', 853, NULL),
(2559, 'Bronze', 853, NULL),
(2560, 'Or', 854, NULL),
(2561, 'Argent', 854, NULL),
(2562, 'Bronze', 854, NULL);

-- Insertion des tuples dans la table Site
INSERT INTO Site (ID_Site, Nom_Site, Ville_Site, Capacité_Spectateurs, Date_Construction, Localisation_Site, Adresse_Site, Image_Site, Site_Description) VALUES
(1, 'Stade de France', 'Saint-Denis', 80698, '1998-01-28', '48° 55′ 28″ N, 2° 21′ 36″ E', 'Pl. du cornillon, 93200 Saint-Denis', 'https://commons.wikimedia.org/wiki/File:StadeFranceNationsLeague2018.jpg?uselang=fr', 'Edifié à Saint-Denis (93) à l’occasion de la Coupe du Monde de football 1998, le Stade de France est le plus grand stade de l’hexagone. En 2024, il hérite logiquement du statut de Stade olympique pour les Jeux de Paris.'),
(2, 'Village olympique de Saint-Denis', 'Saint-Denis', NULL, '2024-03-01', '48° 55′ 23″ N, 2° 20′ 12″ E', 'Village olympique de Saint-Denis','https://commons.wikimedia.org/wiki/File:Saint-Denis_-_Cit%C3%A9_du_cin%C3%A9ma-01.jpg?uselang=fr', 'Le village olympique de Saint-Denis est un projet de village olympique prévu pour accueillir les athlètes lors de l’organisation des Jeux olympiques et des Jeux paralympiques à Paris, en France, durant l’été 2024.'),
(3, 'Piscine olympique de Saint-Denis', 'Saint-Denis', 6000, '2024-01-01', '48° 55′ 24,9″ N, 2° 21′ 19,2″ E', '361 Av. du Président Wilson, 93200 Saint-Denis', 'https://medias.paris2024.org/uploads/2021/06/00_Paris2024-AQC-Centre-Aquatique-scaled.jpg?x-oss-process=image/resize,w_900,h_900,m_fill/format,jpeg', 'Situé à Saint-Denis (93), face au Stade de France, le Centre Aquatique est, avec le mur d’escalade du Bourget, le seul équipement sportif construit de façon pérenne à l’occasion des Jeux de Paris 2024.'),
(4, 'Arena Paris Nord', 'Villepinte', NULL, '1982-01-12', '48° 58′ 16″ N, 2° 31′ 03″ E', 'Parking, 93420 Villepinte', 'https://www.google.com/imgres?imgurl=https%3A%2F%2Fassets.onepark.fr%2Fmedia%2FW1siZiIsIjIwMTgvMDUvMTQvMTMvNDgvMTkvMzQ0L29uZXBhcmtfcGFyY19leHBvc2l0aW9uc19wYXJpc19ub3JkX3ZpbGxlcGludGUuanBnIl0sWyJwIiwidGh1bWIiLCIzMDB4MzAwIyIseyJmb3JtYXQiOiJqcGcifV1d%2Ffile.jpg%3Fsha%3Db01e44ec1e6518ac&tbnid=ece5qqEMcmgSCM&vet=12ahUKEwjl-fmShe39AhUBrycCHXm1DJEQMygDegUIARC8AQ..i&imgrefurl=https%3A%2F%2Fwww.onepark.fr%2Fplaces%2F8413-parking-parc-des-expositions-de-paris-nord-villepinte&docid=qWuI4VDOAMxwiM&w=300&h=300&q=arena%20paris%20nord%20villepinte&hl=fr&client=ubuntu-chr&ved=2ahUKEwjl-fmShe39AhUBrycCHXm1DJEQMygDegUIARC8AQ', 'Le parc des expositions de Villepinte se transformera, le temps des Jeux, en une immense arène sportive modulable, appelée l’Arena Paris Nord. Gigantesque espace disposant de neuf halls d’exposition, il s’agit du plus grand parc d’expositions en France, devant le parc des expositions de la Porte de Versailles qui accueillera lui aussi des épreuves des Jeux.'),
(5, 'Champ-de-Mars', 'Paris', NULL, '1770-01-01', '48° 51′ 22″ N, 2° 17′ 54″ E', 'Av. Anatole France, 75007 Paris', 'https://medias.paris2024.org/uploads/2021/06/CDM_2_Arena-Champ-De-Mars_Paris2024-min.jpg?x-oss-process=image/resize,w_900,h_900,m_fill/format,jpeg', 'Bâtiment provisoire de 10 000m²  l’Arena Champ-de-Mars accueille des événements d’art, de mode et de sport, le temps des travaux du Grand Palais. Paris 2024 profite de l’opportunité unique que représente ce bâtiment exceptionnel pour prolonger son existence de quelques mois, jusqu’au Jeux de Paris 2024.'),
(6, 'Pont d’Iéna', 'Paris', NULL, '1814-01-01', '48° 51′ 35″ N, 2° 17′ 32″ E',  'Pont d’Iéna, 75116 Paris ', 'https://upload.wikimedia.org/wikipedia/commons/thumb/e/e2/Pont_d%27I%C3%A9na_2447x742.jpg/280px-Pont_d%27I%C3%A9na_2447x742.jpg', 'Et si l’un des plus célèbres ponts de Paris devenait l’une des plus belles tribunes du monde ? Défi relevé avec le Pont d’Iéna qui profite en 2024 d’aménagements temporaires pour accueillir le public dans des conditions inédites.'),
(7, 'Grand Palais', 'Paris', NULL, '1900-01-01', '48° 51′ 58,18″ N, 2° 18′ 45,19″ E', '3 Av. du Général Eisenhower, 75008 Paris', 'https://medias.paris2024.org/uploads/2021/06/Paris2024-Look-of-the-Games-Grand-Palais-16-9-min-scaled.jpg?x-oss-process=image/resize,w_900,h_900,m_fill/format,jpeg', 'Le Grand Palais est un joyau architectural, dressé en plein cœur de Paris. Sa nef grandiose et son impressionnante verrière font sa renommée à travers le monde, et offrent un cadre somptueux aux compétitions olympiques et paralympiques de Paris 2024.'),
(8, 'Grand Palais éphémère(au Champ-de-Mars)', 'Paris', NULL, '2021-06-12', '48° 51′ 12″ N, 2° 18′ 09″ E', 'place Joffre', 'https://upload.wikimedia.org/wikipedia/commons/thumb/6/66/Grand_Palais_%C3%89ph%C3%A9m%C3%A8re.png/260px-Grand_Palais_%C3%89ph%C3%A9m%C3%A8re.png', 'Bâtiment provisoire de 10 000m²  l’Arena Champ-de-Mars accueille des événements d’art, de mode et de sport, le temps des travaux du Grand Palais. Paris 2024 profite de l’opportunité unique que représente ce bâtiment exceptionnel pour prolonger son existence de quelques mois, jusqu’au Jeux de Paris 2024.'),
(9, 'Esplanade des Invalides', 'Paris', NULL, '1704-01-01', '48° 51′ 36″ N, 2° 18′ 47″ E', 'Invalides, 75007 Paris', 'https://upload.wikimedia.org/wikipedia/commons/thumb/3/3e/Invalides_from_Esplanade.jpg/280px-Invalides_from_Esplanade.jpg', 'En 2024, l’histoire, la culture et le sport de haut-niveau ne font qu’un. Vaste espace vert, situé dans le 7e arrondissement de Paris, l’Esplanade des Invalides est située face au majestueux Hôtel des Invalides.'),
(10, 'Arena Paris Sud', 'Paris', NULL, '1923-01-01', '48° 49′ 55″ N, 2° 17′ 21″ E', '1 place de la Porte-de-Versailles 15e arrondissement de Paris', 'https://upload.wikimedia.org/wikipedia/commons/thumb/1/11/P1050990_Paris_XV_pte_de_Versailles_entr%C3%A9e_du_parc_des_expositions_rwk.JPG/776px-P1050990_Paris_XV_pte_de_Versailles_entr%C3%A9e_du_parc_des_expositions_rwk.JPG?20120128162710', 'Le parc des expositions de la porte de Versailles, ou Paris Expo Porte de Versailles, est le plus grand parc des expositions français. Il est situé sur les territoires du quartier Saint-Lambert du 15ᵉ arrondissement de Paris et des communes d’Issy-les-Moulineaux et de Vanves, dans les Hauts-de-Seine.'),
(11, 'Parc des Princes', 'Paris', 48583, '1897-07-18', '48° 50′ 29″ N, 2° 15′ 11″ E', '16e Arrondissement, 75016 Paris', 'https://commons.wikimedia.org/wiki/File:PSG-Nantes_Parc_des_Princes_05.jpg?uselang=fr', 'Stade mythique, facilement reconnaissable dans le paysage de la porte de Saint-Cloud avec les nervures en béton caractéristiques qui hérissent son toit, le Parc des Princes est un haut lieu du sport français, taillé pour accueillir les Jeux de Paris 2024.'),
(12, 'Stade Roland-Garros', 'Paris', 10000, '1928-01-01', '48° 50′ 50″ N, 2° 14′ 57″ E', '2 Av. Gordon Bennett, 75016 Paris', 'https://medias.paris2024.org/uploads/2021/06/RG1_1_Stade-Roland-Garros-P.Chatrier-courts-annexes_Paris2024-2.jpg?x-oss-process=image/resize,w_900,h_900,m_fill/format,jpeg', 'Bienvenue dans un stade de légende. Emblématique du tennis mondial, Roland-Garros est en 2024 un site clé des Jeux de Paris, pour lesquels il écrit une nouvelle page de son histoire et pas qu’autour de la balle jaune.'),
(13, 'Palais omnisports de Paris-Bercy', 'Paris', 20300, '1984-02-03', '48° 50′ 19″ N, 2° 22′ 43″ E', '222 Quai de Bercy, 75012 Paris', 'https://medias.paris2024.org/uploads/2022/08/01-Paris2024-BCY-Arena-Bercy-jaune-OLY-changement-de-branding-min-scaled.jpg?x-oss-process=image/resize,w_900,h_900,m_fill/format,jpeg', 'Lieu emblématique de la culture et du sport en France et à Paris, Bercy est facilement reconnaissable par sa forme pyramidale qui tranche dans le paysage du 12e arrondissement parisien. Cet écrin modulable fraîchement rénové s’apprête, après avoir accueilli d’innombrables événements sportifs depuis 1984, à devenir le théâtre des Jeux Olympiques et Paralympiques de Paris 2024.'),
(14, 'Arena Porte de la Chapelle', 'Paris', 9000, '2024-01-01', '48° 53′ 58″ N, 2° 21′ 41″ E', '18e Arrondissement, 75018 Paris', 'https://medias.paris2024.org/uploads/2022/08/Paris2024-CPL-Arena-La-Chapelle-violet-JOUR-OLY-CPM-changement-de-branding-bis-min-scaled.jpg?x-oss-process=image/resize,w_900,h_900,m_fill/format,jpeg', 'L’Arena Porte de la Chapelle est un tout nouveau pôle culturel majeur de la Capitale, qui accueille événements sportifs et spectacles au quotidien dans le nord de Paris, dès 2023. Un site éco-conçu, adapté aux besoins du quartier et de la Ville de Paris, et pensé bien au-delà des Jeux de Paris 2024.'),
(15, 'Paris La Défense Arena', 'Nanterre', 40000, '2017-10-19', '48° 53′ 44″ N, 2° 13′ 46″ E', '12 Rue François Faber, 92700 Colombes', 'https://medias.paris2024.org/uploads/2021/07/DEF_1_ARENA-PARIS-LA-DEFENSE_PARIS2024-.jpg?x-oss-process=image/resize,w_900,h_900,m_fill/format,jpeg', 'Les plus de 2 millions de spectateurs qui sont entrés ici avant 2024 ont applaudi les spectacles des plus grands artistes internationaux ou les matches de rugby du Racing 92. En 2024, pour la première fois, l’Arena se mue en piscine olympique.'),
(16, 'Stade olympique Yves-du-Manoir', 'Colombes', 60000, '1907-01-01', '48° 55′ 46″ N, 2° 14′ 53″', 'Canton de Colombes-1, 92700 Colombes', 'https://medias.paris2024.org/uploads/2021/06/YDM_1_Stade-Yves-du-Manoir_Paris2024-2-scaled.jpg?x-oss-process=image/resize,w_900,h_900,m_fill/format,jpeg', 'Utiliser tout le potentiel de sites déjà existants et construire peu est l’un des piliers du projet de Paris 2024. En 2024, les spectateurs entrent dans un lieu chargé d’histoire : l’unique site à accueillir pour la deuxième fois en France les JO. Il y a un siècle, c’est ici que les Jeux de Paris 1924 se sont ouverts, et également ici qu’ont eu lieu les épreuves d’athlétisme.'),
(17, 'Base nautique de Vaires-sur-Marne', 'Vaires-sur-Marne', NULL, '1990-01-01', '48° 51′ 53″ N, 2° 38′ 33″ E', '77360 Vaires-sur-Marne', 'https://commons.wikimedia.org/wiki/File:Base_de_loisirs_de_Vaires-Torcy.jpg?uselang=fr', 'Inauguré en juin 2019, le Stade nautique est un écrin flambant neuf, situé en Seine-et-Marne (77). Il est, avec Pékin et Sydney, un des trois sites au monde capable de regrouper les épreuves olympiques et paralympiques de canoë-kayak et d’aviron.'),
(18, 'Château de Versailles', 'Versailles', NULL, '1603-01-01', '48° 48′ 17,26″ N, 2° 07′ 13,34″ E', '1 stalemate of Pont Colbert, 78000 Versailles', 'https://medias.paris2024.org/uploads/2022/10/VER_CHATEAU-DE-VERSAILLES_PARA-EQUITATION-VF-min-scaled.jpg?x-oss-process=image/resize,w_900,h_900,m_fill/format,jpeg', 'Le Château de Versailles est un symbole iconique universel de l’histoire de France. En 2024, il prête son cadre grandiose aux Jeux de Paris, proposant aux spectateurs et téléspectateurs un spectacle exceptionnel et inédit.'),
(19, 'Stade Pierre-de-Coubertin', 'Paris', 4836, '1937-01-01', '48° 50′ 07″ N, 2° 15′ 22″ E', 'Av. Georges Lafont, 75016 Paris', 'https://upload.wikimedia.org/wikipedia/commons/thumb/3/3c/3369-Coubertin-LFB2010-11.jpg/260px-3369-Coubertin-LFB2010-11.jpg', 'Le stade Pierre-de-Coubertin, portant le nom de Pierre de Coubertin, est une salle omnisports située dans le 16e arrondissement de Paris, à la lisière de Boulogne-Billancourt.'),
(20, 'Vélodrome national', 'Saint-Quentin-en-Yvelines', 6000, '2014-01-13', '48° 47′ 21″ N, 2° 02′ 09″ E', '1 Rue Laurent Fignon, 78180 Montigny-le-Bretonneux', 'https://medias.paris2024.org/uploads/2022/08/Paris2024-VEL-Velodrome-National-De-Saint-Quentin-En-Yvelines_210621-OLY-changement-de-branding-bis-min-scaled.jpg?x-oss-process=image/resize,w_900,h_900,m_fill/format,jpeg', 'Le Vélodrome national est un bijou véritablement taillé pour accueillir les plus grandes compétitions. Sorti de terre plus de dix ans avant les Jeux, il verra naturellement se réaliser les ambitions olympiques et paralympiques des meilleurs pistards du globe. '),
(21, 'Colline d’Élancourt', 'Élancourt', NULL, NULL, NULL, '78990 Élancourt', 'https://upload.wikimedia.org/wikipedia/commons/thumb/9/95/Elancourt_Revanche_Cl%C3%A9_St_Pierre.JPG/280px-Elancourt_Revanche_Cl%C3%A9_St_Pierre.JPG', 'Admirer les plus belles figures et courses de BMX depuis le point culminant de la région parisienne, à 231m d’altitude, c’est l’expérience réservée aux spectateurs en 2024. Le choix d’Elancourt dans les Yvelines permet de renforcer et encadrer une activité sportive déjà existante, tout en améliorant le bénéfice écologique du site.'),
(22, 'Golf national', 'Saint-Quentin-en-Yvelines', NULL, '1990-10-05', '48° 45′ 04″ N, 2° 04′ 42″ E', '2, avenue du golf 78280 Guyancourt Saint-Quentin-en-Yvelines', 'https://commons.wikimedia.org/wiki/File:Golf_national_2011_06.jpg?uselang=fr', 'Paris 2024 vous convie sur l’un des plus prestigieux sites golfiques d’Europe. Le Golf National a reçu les plus grands champions depuis son ouverture, en 1991, à l’occasion notamment de l’Open de France et de la légendaire Ryder Cup.'),
(23, 'Centre national de tir sportif', 'Châteauroux', NULL, '2018-01-01', '46° 48′ 55″ N, 1° 45′ 20″ E', 'Route de Lignières, RD 925, 36130 Déols', 'https://commons.wikimedia.org/wiki/File:Centre_National_de_Tir_Sportif_-_001.jpg?uselang=fr', 'Le Centre National de Tir Sportif accueillera à Châteauroux les 340 athlètes olympiques puis les 160 athlètes paralympiques des épreuves de tir et de para tir sportif des Jeux de Paris 2024. Ce centre de tir unique figure parmi les plus grands d’Europe ; un projet porté par la FFTir qui est sorti de terre en 2018.'),
(24, 'Marina olympique', 'Marseille', NULL, NULL, '43° 17′ 47″ N, 5° 22′ 12″ E', 'Rue de la Loge, 13002 Marseille', 'https://commons.wikimedia.org/wiki/File:Notre_Dame_de_la_Garde.jpg?uselang=fr', 'Pour les épreuves de voile, Paris 2024 navigue sur la Méditerranée. De par sa situation géographique, Marseille est une ville naturellement tournée vers la mer, qui offre des conditions de navigation exceptionnelles.'),
(25, 'Teahupo’o  20', 'Taiarapu-Ouest', NULL, NULL, '17° 50′ 50″ S, 149° 16′ 02″ O', 'Océan Pacifique Nord', 'https://upload.wikimedia.org/wikipedia/commons/thumb/4/4c/Tahiti%2C_French_Polynesia_-_Teahupo%27o_%2848041311167%29.jpg/280px-Tahiti%2C_French_Polynesia_-_Teahupo%27o_%2848041311167%29.jpg', 'Proposer une célébration inédite et un spectacle sportif à couper le souffle, c’est l’ambition de Paris 2024. Après avoir choisi quatre sports additionnels spectaculaires, dont le surf, les lieux choisis pour les compétitions suivent cette même volonté.'),
(26, 'Stade de Bordeaux', 'Bordeaux', 42115, '2015-05-23', '44° 53′ 50″ N, 0° 33′ 41″ O', 'Cours Jules-Ladoumègue, 33300 Bordeaux', 'https://commons.wikimedia.org/wiki/File:500px_photo_(165733217).jpeg?uselang=fr', 'Né à l’occasion de l’Euro de football 2016, le Stade de Bordeaux accueille le monde en 2024. Son design spectaculaire et ses poteaux caractéristiques évoquant la forêt des Landes en font le principal écrin sportif de la capitale de la Gironde.'),
(27, 'Stade Pierre-Mauroy', 'Villeneuve-d’Ascq', 50187, '2012-08-17', '50° 36′ 43″ N, 3° 07′ 50″ E',  '261 Boulevard de Tournai, 59650 Villeneuve-d’Ascq ', 'https://commons.wikimedia.org/wiki/File:Lille_Stadion_Pierre_Mauroy.jpg?uselang=fr', 'Le stade Pierre Mauroy est un écrin multisport modulable au design spectaculaire, construit en 2012 et qui accueille les rencontres du LOSC, club phare du football français. Un stade taillé pour accueillir les Jeux Olympiques en 2024.'),
(28, 'Parc Olympique lyonnais', 'Décines-Charpieu', 59186, '2016-01-09', '45° 45′ 55″ N, 4° 58′ 55″ E', '10, avenue Simone-Veil 69150 Décines-Charpieu', 'https://commons.wikimedia.org/wiki/File:Int%C3%A9rieur_POL.JPG?uselang=fr', 'Le Stade de Lyon est une enceinte ultramoderne et polyvalente appartenant à son club de football résident, l’Olympique Lyonnais. Il est le troisième stade de l’hexagone en termes de capacité, un atout supplémentaire pour accueillir les spectateurs des JO en 2024.'),
(29, 'Stade Vélodrome', 'Marseille', 67394, '1987-06-13', '43° 16′ 11″ N, 5° 23′ 45″ E', '3 boulevard Michelet, 13008 Marseille', 'https://commons.wikimedia.org/wiki/File:Stade_V%C3%A9lodrome_1.jpg?uselang=fr', 'Le cœur des Marseillais bat pour le football, il était logique qu’en 2024 le tournoi olympique y fasse escale. Le stade Vélodrome est aujourd’hui le deuxième plus grand stade français. Enceinte mythique et récemment entièrement rénovée et modernisée, il est le théâtre des rencontres à domicile de l’Olympique de Marseille.'),
(30, 'Stade de la Beaujoire', 'Nantes', 35322, '1984-05-08', '47° 15′ 20″ N, 1° 31′ 31″ O', '5 boulevard de la Beaujoire 44300 Nantes', 'https://commons.wikimedia.org/wiki/File:Stade_de_la_Beaujoire.jpg?uselang=fr', 'Le stade de la Beaujoire est mythique. C’est ici que les épopées du FC Nantes ont fait vibrer des milliers de supporters depuis sa construction, en 1984. 40 ans plus tard, la Beaujoire ajoute une compétition, olympique cette fois, à son palmarès.'),
(31, 'Allianz Riviera', 'Nice', 35624, '2013-09-22', '43° 42′ 18″ N, 7° 11′ 33″ E', 'Boulevard des Jardiniers 06200 Nice', 'https://fr.wikipedia.org/wiki/Fichier:Allianzrivierainauguration.jpg', 'En 2024, le public pourra se rendre au bord de la Méditerranée, pour applaudir les matchs du tournoi olympique de football dans l’enceinte ultramoderne et modulable du Stade de Nice.'),
(32, 'Stade Geoffroy-Guichard', 'Saint-Étienne', 42000, '1931-09-13', '45° 27′ 39″ N, 4° 23′ 25″ E', '14, rue Paul et Pierre Guichard 42000 Saint-Étienne', 'https://commons.wikimedia.org/wiki/File:Stade_Geoffroy-Guichard_-_Saint-Etienne_(10-11-2013).jpg?uselang=fr', 'C’est dans l’une des enceintes les plus iconiques du pays que les spectateurs du tournoi olympique pourront applaudir les footballeurs venus du monde entier. Depuis sa construction en 1931, le Chaudron a connu plusieurs rénovations modernisant ses accès et ses tribunes, en faisant aujourd’hui un stade très actuel.'),
(33, 'Site d’escalade du Bourget', 'Le Bourget', 6000, '2024-01-01', '48° 56′ 14″ N, 2° 25′ 11″ E', '9 rue Roger Salengro, 93350, Le Bourget', 'https://medias.paris2024.org/uploads/2021/06/JO-Paris2024-21-Le-Bourget_FINAL-V5-bis.jpg?x-oss-process=image/resize,w_2500,h_1667,m_lfit/format,webp', 'Avec le Centre Aquatique de Saint-Denis, le site d’escalade du Bourget est le seul équipement sportif construit spécifiquement pour Paris 2024. Au-delà des Jeux, il répond à un besoin spécifique du territoire de la Seine-Saint-Denis.'),
(34, 'Parc des expositions du Bourget', 'Le Bourget', NULL, NULL, '48° 56′ 39″ N, 2° 25′ 48″ E', 'Le Bourget, Seine-Saint-Denis', 'https://commons.wikimedia.org/wiki/File:LeBourgetAirport.JPG?uselang=fr', 'À moins de 10 km de Paris, à proximité de l’aéroport du Bourget et à 15 mn de Paris Charles de Gaulle, Paris Le Bourget Parc des expositions dispose sur une superficie totale de 60 hectares : 5 halls d’expositions de 4 000 à 25 000 m², 35 hectares de surfaces extérieures et 25 hectares d’espaces verts accueillant salons, manifestations, lancements de nouveaux produits. Paris Le Bourget s’est doté d’un hall dédié à l’événement de 6 000 m², sans poteau et 11 m de plafond et climatisé.'),
(35, 'Place de la Concorde', 'Paris', NULL, '1763-01-01', '48° 51′ 56″ N, 2° 19′ 16″ E', '8e Arrondissement, 75008 Paris', 'https://commons.wikimedia.org/wiki/File:Place_de_la_Concorde_from_the_Eiffel_Tower,_Paris_April_2011.jpg?uselang=fr', 'Pendant les Jeux de Paris 2024, la place de la Concorde accueille les sports urbains au cœur de la ville dans un concept inédit qui accorde des sports modernes et spectaculaires avec un lieu unique, chargé d’histoire. '),
(36, 'Hôtel de ville', 'Paris', NULL, '1923-01-01', '48° 51′ 23″ N, 2° 21′ 08″ E', '1 place de la Porte-de-Versailles 15e arrondissement de Paris', 'https://upload.wikimedia.org/wikipedia/commons/thumb/1/11/P1050990_Paris_XV_pte_de_Versailles_entr%C3%A9e_du_parc_des_expositions_rwk.JPG/776px-P1050990_Paris_XV_pte_de_Versailles_entr%C3%A9e_du_parc_des_expositions_rwk.JPG?20120128162710', 'L’Hôtel de Ville et sa place éponyme, accueilleront des compétitions en plein cœur de la capitale, le temps des Jeux Olympiques de Paris 2024. Situé au bord de la Seine, la place de l’Hôtel de ville, lieu emblématique et chargé d’histoire, sera le départ de la plus mythique des courses de fond olympiques, le marathon.'),
(37, 'Pont Alexandre III', 'Paris,', NULL, '1930-01-10', '48° 51′ 49″ N, 2° 18′ 49″ E', 'Pont Alexandre 3', 'https://upload.wikimedia.org/wikipedia/commons/thumb/8/84/Pont_Alexandre_III_from_pont_de_la_Concorde%2C_Paris_17_May_2012.jpg/560px-Pont_Alexandre_III_from_pont_de_la_Concorde%2C_Paris_17_May_2012.jpg', 'Il relie l’esplanade des Invalides et l’avenue Winston-Churchill, où se trouvent le Petit Palais et le Grand Palais.');


-- Insertion des tuples dans la table Évènement
INSERT INTO Évènement(ID_Évènement, Date_Évènement, Heure_Évènement,  ID_Site, Id_Épreuve) VALUES
(1, '2024-08-01', '07:30:00', 6, 40),
(2, '2024-08-01', '07:30:00', 6, 41),
(3, '2024-08-02', '10:00:00', 1, 2),
(4, '2024-08-02', '10:00:00', 1, 34),
(5, '2024-08-02', '10:00:00', 1, 21),
(6, '2024-08-02', '10:00:00', 1, 1),
(7, '2024-08-02', '10:00:00', 1, 26),
(8, '2024-08-02', '10:00:00', 1, 10),
(9, '2024-08-02', '10:00:00', 1, 1),
(10, '2024-08-02', '10:00:00', 1, 30),
(11, '2024-08-02', '17:40:00', 1, 22),
(12, '2024-08-02', '17:40:00', 1, 11),
(13, '2024-08-02', '17:40:00', 1, 27),
(14, '2024-08-02', '17:40:00', 1, 31),
(15, '2024-08-02', '17:40:00', 1, 7),
(16, '2024-08-02', '17:40:00', 1, 30),
(17, '2024-08-02', '17:40:00', 1, 16),
(18, '2024-08-02', '17:40:00', 1, 13),
(19, '2024-08-03', '10:00:00', 1, 38),
(20, '2024-08-03', '10:00:00', 1, 24),
(21, '2024-08-03', '10:00:00', 1, 2),
(22, '2024-08-03', '10:00:00', 1, 32),
(23, '2024-08-03', '10:00:00', 1, 7),
(24, '2024-08-03', '10:00:00', 1, 2),
(25, '2024-08-03', '10:00:00', 1, 24),
(26, '2024-08-03', '19:00:00', 1, 10),
(27, '2024-08-03', '19:00:00', 1, 30),
(28, '2024-08-03', '19:00:00', 1, 1),
(29, '2024-08-03', '19:00:00', 1, 36),
(30, '2024-08-03', '19:00:00', 1, 27),
(31, '2024-08-03', '19:00:00', 1, 1),
(32, '2024-08-03', '19:00:00', 1, 10),
(33, '2024-08-04', '10:00:00', 1, 17),
(34, '2024-08-04', '10:00:00', 1, 33),
(35, '2024-08-04', '10:00:00', 1, 3),
(36, '2024-08-04', '10:00:00', 1, 26),
(37, '2024-08-04', '10:00:00', 1, 38),
(38, '2024-08-04', '10:00:00', 1, 15),
(39, '2024-08-04', '10:00:00', 1, 30),
(40, '2024-08-04', '17:30:00', 1, 6),
(41, '2024-08-04', '17:30:00', 1, 21),
(42, '2024-08-04', '17:30:00', 1, 2),
(43, '2024-08-04', '17:30:00', 1, 34),
(44, '2024-08-04', '17:30:00', 1, 7),
(45, '2024-08-04', '17:30:00', 1, 10),
(46, '2024-08-04', '17:30:00', 1, 2),
(47, '2024-08-05', '10:00:00', 1, 16),
(48, '2024-08-05', '10:00:00', 1, 32),
(49, '2024-08-05', '10:00:00', 1, 24),
(50, '2024-08-05', '10:00:00', 1, 5),
(51, '2024-08-05', '10:00:00', 1, 6),
(52, '2024-08-05', '10:00:00', 1, 5),
(53, '2024-08-05', '10:00:00', 1, 3),
(54, '2024-08-05', '18:30:00', 1, 24),
(55, '2024-08-05', '18:30:00', 1, 18),
(56, '2024-08-05', '18:30:00', 1, 4),
(57, '2024-08-05', '18:30:00', 1, 31),
(58, '2024-08-05', '18:30:00', 1, 3),
(59, '2024-08-05', '18:30:00', 1, 11),
(60, '2024-08-05', '18:30:00', 1, 7),
(61, '2024-08-06', '10:00:00', 1, 9),
(62, '2024-08-06', '10:00:00', 1, 36),
(63, '2024-08-06', '10:00:00', 1, 38),
(64, '2024-08-06', '10:00:00', 1, 25),
(65, '2024-08-06', '10:00:00', 1, 15),
(66, '2024-08-06', '10:00:00', 1, 16),
(67, '2024-08-06', '10:00:00', 1, 4),
(68, '2024-08-06', '19:00:00', 1, 16),
(69, '2024-08-06', '19:00:00', 1, 33),
(70, '2024-08-06', '19:00:00', 1, 15),
(71, '2024-08-06', '19:00:00', 1, 26),
(72, '2024-08-06', '19:00:00', 1, 9),
(73, '2024-08-06', '19:00:00', 1, 17),
(74, '2024-08-06', '19:00:00', 1, 3),
(75, '2024-08-07', '10:00:00', 1, 22),
(76, '2024-08-07', '10:00:00', 1, 39),
(77, '2024-08-07', '10:00:00', 1, 35),
(78, '2024-08-07', '10:00:00', 1, 12),
(79, '2024-08-07', '10:00:00', 1, 8),
(80, '2024-08-07', '10:00:00', 1, 9),
(81, '2024-08-07', '18:30:00', 1, 23),
(82, '2024-08-07', '18:30:00', 1, 38),
(83, '2024-08-07', '18:30:00', 1, 28),
(84, '2024-08-07', '18:30:00', 1, 6),
(85, '2024-08-07', '18:30:00', 1, 4),
(86, '2024-08-07', '18:30:00', 1, 32),
(87, '2024-08-07', '18:30:00', 1, 15),
(88, '2024-08-07', '18:30:00', 1, 16),
(89, '2024-08-07', '18:30:00', 1, 18),
(90, '2024-08-08', '19:00:00', 1, 1),
(91, '2024-08-08', '19:00:00', 1, 29),
(92, '2024-08-08', '19:00:00', 1, 1),
(93, '2024-08-08', '19:00:00', 1, 21),
(94, '2024-08-08', '19:00:00', 1, 19),
(95, '2024-08-08', '19:00:00', 1, 20),
(96, '2024-08-08', '19:00:00', 1, 8),
(97, '2024-08-08', '19:00:00', 1, 29),
(98, '2024-08-08', '19:00:00', 1, 9),
(99, '2024-08-08', '19:00:00', 1, 25),
(100, '2024-08-08', '19:00:00', 1, 36),
(101, '2024-08-08', '19:00:00', 1, 4),
(102, '2024-08-08', '19:00:00', 1, 3),
(103, '2024-08-08', '19:00:00', 1, 7),
(104, '2024-08-08', '19:00:00', 1, 38),
(105, '2024-08-09', '10:00:00', 1, 25),
(106, '2024-08-09', '10:00:00', 1, 35),
(107, '2024-08-09', '10:00:00', 1, 8),
(108, '2024-08-09', '10:00:00', 1, 39),
(109, '2024-08-09', '19:00:00', 1, 19),
(110, '2024-08-09', '19:00:00', 1, 29),
(111, '2024-08-09', '19:00:00', 1, 20),
(112, '2024-08-09', '19:00:00', 1, 5),
(113, '2024-08-09', '19:00:00', 1, 28),
(114, '2024-08-09', '19:00:00', 1, 7),
(115, '2024-08-09', '19:00:00', 1, 13),
(116, '2024-08-09', '19:00:00', 1, 16),
(117, '2024-08-10', '08:00:00', 36, 44),
(118, '2024-08-10', '18:30:00', 36, 22),
(119, '2024-08-10', '18:30:00', 36, 8),
(120, '2024-08-10', '18:30:00', 36, 35),
(121, '2024-08-10', '18:30:00', 36, 39),
(122, '2024-08-10', '18:30:00', 36, 12),
(123, '2024-08-10', '18:30:00', 36, 9),
(124, '2024-08-11', '08:00:00', 36, 43),
(125, '2024-07-27', '09:00:00', 17, 46),
(126, '2024-07-27', '09:00:00', 17, 45),
(127, '2024-07-27', '09:00:00', 17, 50),
(128, '2024-07-27', '09:00:00', 17, 49),
(129, '2024-07-27', '09:00:00', 17, 54),
(130, '2024-07-27', '09:00:00', 17, 53),
(131, '2024-07-28', '09:00:00', 17, 45),
(132, '2024-07-28', '09:00:00', 17, 46),
(133, '2024-07-28', '09:00:00', 17, 49),
(134, '2024-07-28', '09:00:00', 17, 50),
(135, '2024-07-28', '09:00:00', 17, 51),
(136, '2024-07-28', '09:00:00', 17, 52),
(137, '2024-07-28', '09:00:00', 17, 57),
(138, '2024-07-28', '09:00:00', 17, 58),
(139, '2024-07-28', '09:00:00', 17, 51),
(140, '2024-07-28', '09:00:00', 17, 52),
(141, '2024-07-29', '09:30:00', 17, 46),
(142, '2024-07-29', '09:30:00', 17, 45),
(143, '2024-07-29', '09:30:00', 17, 52),
(144, '2024-07-29', '09:30:00', 17, 51),
(145, '2024-07-29', '09:30:00', 17, 58),
(146, '2024-07-29', '09:30:00', 17, 57),
(147, '2024-07-29', '09:30:00', 17, 50),
(148, '2024-07-29', '09:30:00', 17, 49),
(149, '2024-07-29', '09:30:00', 17, 56),
(150, '2024-07-29', '09:30:00', 17, 55),
(151, '2024-07-30', '09:30:00', 17, 45),
(152, '2024-07-30', '09:30:00', 17, 46),
(153, '2024-07-30', '09:30:00', 17, 49),
(154, '2024-07-30', '09:30:00', 17, 50),
(155, '2024-07-30', '09:30:00', 17, 51),
(156, '2024-07-30', '09:30:00', 17, 52),
(157, '2024-07-31', '09:30:00', 17, 57),
(158, '2024-07-31', '09:30:00', 17, 58),
(159, '2024-07-31', '09:30:00', 17, 46),
(160, '2024-07-31', '09:30:00', 17, 45),
(161, '2024-07-31', '09:30:00', 17, 52),
(162, '2024-07-31', '09:30:00', 17, 51),
(163, '2024-07-31', '09:30:00', 17, 58),
(164, '2024-07-31', '09:30:00', 17, 57),
(165, '2024-07-31', '09:30:00', 17, 54),
(166, '2024-07-31', '09:30:00', 17, 53),
(167, '2024-07-31', '09:30:00', 17, 54),
(168, '2024-07-31', '09:30:00', 17, 53),
(169, '2024-08-01', '09:30:00', 17, 45),
(170, '2024-08-01', '09:30:00', 17, 46),
(171, '2024-08-01', '09:30:00', 17, 55),
(172, '2024-08-01', '09:30:00', 17, 56),
(173, '2024-08-01', '09:30:00', 17, 49),
(174, '2024-08-01', '09:30:00', 17, 50),
(175, '2024-08-01', '09:30:00', 17, 51),
(176, '2024-08-01', '09:30:00', 17, 52),
(177, '2024-08-01', '09:30:00', 17, 45),
(178, '2024-08-01', '09:30:00', 17, 46),
(179, '2024-08-01', '09:30:00', 17, 51),
(180, '2024-08-01', '09:30:00', 17, 52),
(181, '2024-08-02', '09:30:00', 17, 46),
(182, '2024-08-02', '09:30:00', 17, 45),
(183, '2024-08-02', '09:30:00', 17, 46),
(184, '2024-08-02', '09:30:00', 17, 45),
(185, '2024-08-02', '09:30:00', 17, 46),
(186, '2024-08-02', '09:30:00', 17, 45),
(187, '2024-08-02', '09:30:00', 17, 52),
(188, '2024-08-02', '09:30:00', 17, 51),
(189, '2024-08-02', '09:30:00', 17, 58),
(190, '2024-08-02', '09:30:00', 17, 57),
(191, '2024-08-02', '09:30:00', 17, 52),
(192, '2024-08-02', '09:30:00', 17, 51),
(193, '2024-08-02', '09:30:00', 17, 58),
(194, '2024-08-02', '09:30:00', 17, 57),
(195, '2024-08-03', '09:30:00', 17, 45),
(196, '2024-08-03', '09:30:00', 17, 46),
(197, '2024-08-03', '09:30:00', 17, 45),
(198, '2024-08-03', '09:30:00', 17, 46),
(199, '2024-08-03', '09:30:00', 17, 45),
(200, '2024-08-03', '09:30:00', 17, 46),
(201, '2024-08-03', '09:30:00', 17, 55),
(202, '2024-08-03', '09:30:00', 17, 56),
(203, '2024-07-27', '08:30:00', 16, 62),
(204, '2024-07-27', '08:30:00', 16, 60),
(205, '2024-07-27', '08:30:00', 16, 59),
(206, '2024-07-27', '08:30:00', 16, 61),
(207, '2024-07-27', '08:30:00', 16, 58),
(208, '2024-07-27', '14:00:00', 16, 62),
(209, '2024-07-27', '14:00:00', 16, 60),
(210, '2024-07-27', '14:00:00', 16, 59),
(211, '2024-07-27', '14:00:00', 16, 61),
(212, '2024-07-27', '14:00:00', 16, 58),
(213, '2024-07-27', '19:30:00', 16, 60),
(214, '2024-07-27', '19:30:00', 16, 59),
(215, '2024-07-27', '19:30:00', 16, 61),
(216, '2024-07-27', '19:30:00', 16, 58),
(217, '2024-07-28', '08:30:00', 16, 62),
(218, '2024-07-28', '08:30:00', 16, 60),
(219, '2024-07-28', '08:30:00', 16, 61),
(220, '2024-07-28', '08:30:00', 16, 58),
(221, '2024-07-28', '14:00:00', 16, 62),
(222, '2024-07-28', '14:00:00', 16, 61),
(223, '2024-07-28', '14:00:00', 16, 60),
(224, '2024-07-28', '14:00:00', 16, 58),
(225, '2024-07-28', '19:30:00', 16, 62),
(226, '2024-07-28', '19:30:00', 16, 59),
(227, '2024-07-28', '19:30:00', 16, 60),
(228, '2024-07-28', '19:30:00', 16, 61),
(229, '2024-07-28', '19:30:00', 16, 58),
(230, '2024-07-29', '08:30:00', 16, 62),
(231, '2024-07-29', '08:30:00', 16, 59),
(232, '2024-07-29', '08:30:00', 16, 60),
(233, '2024-07-29', '08:30:00', 16, 61),
(234, '2024-07-29', '08:30:00', 16, 58),
(235, '2024-07-29', '14:00:00', 16, 62),
(236, '2024-07-29', '14:00:00', 16, 61),
(237, '2024-07-29', '14:00:00', 16, 61),
(238, '2024-07-29', '14:00:00', 16, 60),
(239, '2024-07-29', '14:00:00', 16, 58),
(240, '2024-07-29', '19:30:00', 16, 62),
(241, '2024-07-29', '19:30:00', 16, 60),
(242, '2024-07-29', '19:30:00', 16, 59),
(243, '2024-07-29', '19:30:00', 16, 61),
(244, '2024-07-29', '19:30:00', 16, 58),
(245, '2024-07-30', '08:30:00', 16, 60),
(246, '2024-07-30', '08:30:00', 16, 59),
(247, '2024-07-30', '08:30:00', 16, 61),
(248, '2024-07-30', '08:30:00', 16, 58),
(249, '2024-07-30', '14:00:00', 16, 59),
(250, '2024-07-30', '14:00:00', 16, 61),
(251, '2024-07-30', '14:00:00', 16, 60),
(252, '2024-07-30', '14:00:00', 16, 58),
(253, '2024-07-30', '19:30:00', 16, 60),
(254, '2024-07-30', '19:30:00', 16, 59),
(255, '2024-07-30', '19:30:00', 16, 61),
(256, '2024-07-30', '19:30:00', 16, 58),
(257, '2024-07-31', '08:30:00', 16, 60),
(258, '2024-07-31', '08:30:00', 16, 58),
(259, '2024-07-31', '14:00:00', 16, 60),
(260, '2024-07-31', '14:00:00', 16, 58),
(261, '2024-07-31', '19:30:00', 16, 60),
(262, '2024-07-31', '19:30:00', 16, 58),
(263, '2024-07-31', '19:30:00', 16, 62),
(264, '2024-08-01', '08:30:00', 16, 61),
(265, '2024-08-01', '08:30:00', 16, 58),
(266, '2024-08-01', '13:00:00', 16, 59),
(267, '2024-08-01', '13:00:00', 16, 58),
(268, '2024-08-01', '18:30:00', 16, 60),
(269, '2024-08-01', '18:30:00', 16, 62),
(270, '2024-08-02', '08:30:00', 16, 61),
(271, '2024-08-02', '08:30:00', 16, 59),
(272, '2024-08-02', '15:00:00', 16, 62),
(273, '2024-08-02', '15:00:00', 16, 62),
(274, '2024-08-02', '15:00:00', 16, 58),
(275, '2024-08-03', '08:30:00', 16, 60),
(276, '2024-08-03', '15:00:00', 16, 61),
(277, '2024-08-03', '15:00:00', 16, 61),
(278, '2024-08-04', '08:30:00', 16, 60),
(279, '2024-08-04', '08:30:00', 16, 58),
(280, '2024-08-04', '15:00:00', 16, 59),
(281, '2024-08-04', '15:00:00', 16, 59),
(282, '2024-08-05', '09:45:00', 16, 60),
(283, '2024-08-05', '09:45:00', 16, 60),
(284, '2024-08-05', '14:30:00', 16, 58),
(285, '2024-08-05', '14:30:00', 16, 58),
(286, '2024-07-27', '11:00:00', 27, 64),
(287, '2024-07-27', '17:15:00', 27, 64),
(288, '2024-07-27', '21:00:00', 27, 64),
(289, '2024-07-28', '11:00:00', 27, 64),
(290, '2024-07-28', '17:15:00', 27, 64),
(291, '2024-07-28', '21:00:00', 27, 64),
(292, '2024-07-29', '11:00:00', 27, 63),
(293, '2024-07-29', '17:15:00', 27, 63),
(294, '2024-07-29', '21:00:00', 27, 63),
(295, '2024-07-30', '11:00:00', 27, 64),
(296, '2024-07-30', '17:15:00', 27, 64),
(297, '2024-07-30', '21:00:00', 27, 64),
(298, '2024-07-31', '11:00:00', 27, 64),
(299, '2024-07-31', '17:15:00', 27, 64),
(300, '2024-07-31', '21:00:00', 27, 64),
(301, '2024-08-01', '11:00:00', 27, 63),
(302, '2024-08-01', '17:15:00', 27, 63),
(303, '2024-08-01', '21:00:00', 27, 63),
(304, '2024-08-02', '11:00:00', 27, 64),
(305, '2024-08-02', '17:15:00', 27, 64),
(306, '2024-08-02', '21:00:00', 27, 64),
(307, '2024-08-03', '11:00:00', 27, 64),
(308, '2024-08-03', '17:15:00', 27, 64),
(309, '2024-08-03', '21:00:00', 27, 64),
(310, '2024-08-04', '11:00:00', 27, 63),
(311, '2024-08-04', '17:15:00', 27, 63),
(312, '2024-08-04', '21:00:00', 27, 63),
(313, '2024-07-30', '17:30:00', 35, 65),
(314, '2024-07-30', '17:30:00', 35, 66),
(315, '2024-07-30', '21:00:00', 35, 65),
(316, '2024-07-30', '21:00:00', 35, 66),
(317, '2024-07-31', '17:30:00', 35, 65),
(318, '2024-07-31', '17:30:00', 35, 66),
(319, '2024-07-31', '21:00:00', 35, 65),
(320, '2024-07-31', '21:00:00', 35, 66),
(321, '2024-08-01', '09:00:00', 35, 65),
(322, '2024-08-01', '12:30:00', 35, 66),
(323, '2024-08-01', '18:00:00', 35, 65),
(324, '2024-08-01', '21:30:00', 35, 66),
(325, '2024-08-01', '09:00:00', 35, 65),
(326, '2024-08-01', '12:30:00', 35, 66),
(327, '2024-08-01', '17:30:00', 35, 65),
(328, '2024-08-01', '21:00:00', 35, 66),
(329, '2024-08-03', '17:30:00', 35, 65),
(330, '2024-08-03', '21:30:00', 35, 65),
(331, '2024-08-04', '17:30:00', 35, 66),
(332, '2024-08-04', '21:30:00', 35, 66),
(333, '2024-08-05', '17:30:00', 35, 65),
(334, '2024-08-05', '21:00:00', 35, 65),
(335, '2024-08-05', '21:00:00', 35, 66),
(336, '2024-08-05', '21:00:00', 35, 65),
(337, '2024-08-05', '21:00:00', 35, 66),
(338, '2024-08-09', '16:00:00', 35, 80),
(339, '2024-08-09', '20:00:00', 35, 80),
(340, '2024-08-10', '16:00:00', 35, 81),
(341, '2024-08-10', '20:00:00', 35, 81),
(342, '2024-07-30', '17:00:00', 35, 104),
(343, '2024-07-30', '17:00:00', 35, 105),
(344, '2024-07-31', '17:00:00', 35, 104),
(345, '2024-07-31', '17:00:00', 35, 105),
(346, '2024-08-01', '20:00:00', 20, 107),
(347, '2024-08-01', '20:00:00', 20, 106),
(348, '2024-08-01', '20:00:00', 20, 107),
(349, '2024-08-01', '20:00:00', 20, 106),
(350, '2024-08-02', '20:00:00', 20, 107),
(351, '2024-08-02', '20:00:00', 20, 106),
(352, '2024-08-02', '20:00:00', 20, 107),
(353, '2024-08-02', '20:00:00', 20, 106),
(354, '2024-07-27', '18:30:00', 9, 102),
(355, '2024-07-27', '18:30:00', 9, 103),
(356, '2024-07-27', '11:00:00', 6, 100),
(357, '2024-07-27', '14:00:00', 6, 101),
(358, '2024-08-05', '10:00:00', 33, 111),
(359, '2024-08-05', '10:00:00', 33, 112),
(360, '2024-08-06', '10:00:00', 33, 110),
(361, '2024-08-06', '10:00:00', 33, 113),
(362, '2024-08-07', '10:00:00', 33, 111),
(363, '2024-08-07', '10:00:00', 33, 112),
(364, '2024-08-08', '10:00:00', 33, 110),
(365, '2024-08-08', '10:00:00', 33, 113),
(366, '2024-08-09', '10:15:00', 33, 111),
(367, '2024-08-10', '10:15:00', 33, 110),
(368, '2024-07-24', '15:30:00', 1, 242),
(369, '2024-07-25', '14:00:00', 1, 242),
(370, '2024-07-25', '20:00:00', 1, 242),
(371, '2024-07-25', '20:00:00', 1, 242),
(372, '2024-07-27', '14:30:00', 1, 242),
(373, '2024-07-27', '14:30:00', 1, 242),
(374, '2024-07-27', '14:30:00', 1, 242),
(375, '2024-07-27', '14:30:00', 1, 242),
(376, '2024-07-27', '14:30:00', 1, 242),
(377, '2024-07-27', '14:30:00', 1, 242),
(378, '2024-07-27', '14:30:00', 1, 242),
(379, '2024-07-27', '14:30:00', 1, 242),
(380, '2024-07-28', '15:30:00', 1, 241),
(381, '2024-07-29', '14:00:00', 1, 241),
(382, '2024-07-29', '20:00:00', 1, 241),
(383, '2024-07-29', '20:00:00', 1, 241),
(384, '2024-07-30', '14:30:00', 1, 241),
(385, '2024-07-30', '14:30:00', 1, 241),
(386, '2024-07-30', '14:30:00', 1, 241),
(387, '2024-07-30', '14:30:00', 1, 241),
(388, '2024-07-30', '14:30:00', 1, 241),
(389, '2024-07-30', '14:30:00', 1, 241),
(390, '2024-07-30', '14:30:00', 1, 241),
(391, '2024-07-30', '14:30:00', 1, 241),
(392, '2024-07-27', '09:30:00', 18, 248),
(393, '2024-07-27', '09:30:00', 18, 249),
(394, '2024-07-28', '15:00:00', 18, 247),
(395, '2024-07-28', '15:00:00', 18, 248),
(396, '2024-07-29', '11:00:00', 18, 248),
(397, '2024-07-29', '11:00:00', 18, 250),
(398, '2024-07-29', '11:00:00', 18, 251),
(399, '2024-07-30', '11:00:00', 18, 249),
(400, '2024-07-30', '11:00:00', 18, 247),
(401, '2024-07-31', '15:30:00', 18, 249),
(402, '2024-07-31', '15:30:00', 18, 247),
(403, '2024-08-03', '10:00:00', 18, 249),
(404, '2024-08-02', '10:00:00', 18, 249),
(405, '2024-07-27', '15:30:00', 4, 75),
(406, '2024-07-27', '15:30:00', 4, 75),
(407, '2024-07-27', '15:30:00', 4, 75),
(408, '2024-07-27', '15:30:00', 4, 77),
(409, '2024-07-27', '15:30:00', 4, 77),
(410, '2024-07-27', '15:30:00', 4, 77),
(411, '2024-07-27', '15:30:00', 4, 69),
(412, '2024-07-27', '15:30:00', 4, 69),
(413, '2024-07-27', '15:30:00', 4, 71),
(414, '2024-07-27', '20:00:00', 4, 75),
(415, '2024-07-27', '20:00:00', 4, 75),
(416, '2024-07-27', '20:00:00', 4, 75),
(417, '2024-07-27', '20:00:00', 4, 77),
(418, '2024-07-27', '20:00:00', 4, 77),
(419, '2024-07-27', '20:00:00', 4, 77),
(420, '2024-07-27', '20:00:00', 4, 69),
(421, '2024-07-27', '20:00:00', 4, 69),
(422, '2024-07-27', '20:00:00', 4, 71),
(423, '2024-08-09', '21:30:00', 12, 70),
(424, '2024-08-09', '21:30:00', 12, 74),
(425, '2024-08-09', '21:30:00', 12, 70),
(426, '2024-08-09', '21:30:00', 12, 72),
(427, '2024-08-09', '21:30:00', 12, 74),
(428, '2024-08-09', '21:30:00', 12, 78),
(429, '2024-08-09', '21:30:00', 12, 72),
(430, '2024-08-09', '21:30:00', 12, 78),
(431, '2024-08-10', '21:30:00', 4, 76),
(432, '2024-08-10', '21:30:00', 4, 68),
(433, '2024-08-10', '21:30:00', 4, 76),
(434, '2024-08-10', '21:30:00', 4, 79),
(435, '2024-07-24', '15:00:00', 11, 126),
(436, '2024-07-24', '15:00:00', 32, 126),
(437, '2024-07-24', '17:00:00', 30, 126),
(438, '2024-07-24', '17:00:00', 31, 126),
(439, '2024-07-24', '19:00:00', 26, 126),
(440, '2024-07-24', '19:00:00', 28, 126),
(441, '2024-07-24', '21:00:00', 11, 126),
(442, '2024-07-24', '21:00:00', 29, 126),
(443, '2024-07-25', '17:00:00', 30, 127),
(444, '2024-07-25', '17:00:00', 32, 127),
(445, '2024-07-25', '19:00:00', 26, 127),
(446, '2024-07-25', '19:00:00', 29, 127),
(447, '2024-07-25', '21:00:00', 28, 127),
(448, '2024-07-25', '21:00:00', 31, 127),
(449, '2024-07-27', '15:00:00', 26, 126),
(450, '2024-07-27', '15:00:00', 28, 126),
(451, '2024-07-27', '17:00:00', 30, 126),
(452, '2024-07-27', '17:00:00', 32, 126),
(453, '2024-07-27', '19:00:00', 11, 126),
(454, '2024-07-27', '19:00:00', 29, 126),
(455, '2024-07-27', '21:00:00', 26, 126),
(456, '2024-07-27', '21:00:00', 31, 126),
(457, '2024-07-28', '17:00:00', 11, 127),
(458, '2024-07-28', '17:00:00', 28, 127),
(459, '2024-07-28', '19:00:00', 30, 127),
(460, '2024-07-28', '19:00:00', 31, 127),
(461, '2024-07-28', '21:00:00', 32, 127),
(462, '2024-07-28', '21:00:00', 29, 127),
(463, '2024-07-30', '15:00:00', 11, 126),
(464, '2024-07-30', '15:00:00', 26, 126),
(465, '2024-07-30', '17:00:00', 28, 126),
(466, '2024-07-30', '17:00:00', 31, 126),
(467, '2024-07-30', '19:00:00', 32, 126),
(468, '2024-07-30', '19:00:00', 29, 126),
(469, '2024-07-30', '21:00:00', 11, 126),
(470, '2024-07-30', '21:00:00', 30, 126),
(471, '2024-07-31', '17:00:00', 30, 127),
(472, '2024-07-31', '17:00:00', 26, 127),
(473, '2024-07-31', '19:00:00', 32, 127),
(474, '2024-07-31', '19:00:00', 29, 127),
(475, '2024-07-31', '21:00:00', 28, 127),
(476, '2024-07-31', '21:00:00', 31, 127),
(477, '2024-08-02', '15:00:00', 11, 126),
(478, '2024-08-02', '17:00:00', 28, 126),
(479, '2024-08-02', '19:00:00', 29, 126),
(480, '2024-08-02', '21:00:00', 26, 126),
(481, '2024-08-03', '15:00:00', 11, 127),
(482, '2024-08-03', '17:00:00', 28, 127),
(483, '2024-08-03', '19:00:00', 29, 127),
(484, '2024-08-03', '21:00:00', 30, 127),
(485, '2024-08-05', '18:00:00', 29, 126),
(486, '2024-08-05', '21:00:00', 28, 126),
(487, '2024-08-06', '18:00:00', 28, 127),
(488, '2024-08-06', '21:00:00', 29, 127),
(489, '2024-08-08', '17:00:00', 30, 126),
(490, '2024-08-09', '15:00:00', 28, 127),
(491, '2024-08-09', '18:00:00', 11, 126),
(492, '2024-08-10', '17:00:00', 11, 127),
(493, '2024-07-27', '10:00:00', 7, 114),
(494, '2024-07-27', '10:00:00', 7, 118),
(495, '2024-07-27', '10:00:00', 7, 115),
(496, '2024-07-27', '10:00:00', 7, 119),
(497, '2024-07-27', '10:00:00', 7, 114),
(498, '2024-07-27', '10:00:00', 7, 118),
(499, '2024-07-27', '10:00:00', 7, 115),
(500, '2024-07-27', '10:00:00', 7, 119),
(501, '2024-07-27', '19:00:00', 1, 114),
(502, '2024-07-27', '19:00:00', 1, 119),
(503, '2024-07-27', '19:00:00', 1, 114),
(504, '2024-07-27', '19:00:00', 1, 119),
(505, '2024-07-27', '19:00:00', 1, 114),
(506, '2024-07-27', '19:00:00', 1, 119),
(507, '2024-07-28', '09:30:00', 1, 116),
(508, '2024-07-28', '09:30:00', 1, 117),
(509, '2024-07-28', '09:30:00', 1, 116),
(510, '2024-07-28', '09:30:00', 1, 115),
(511, '2024-07-28', '09:30:00', 1, 116),
(512, '2024-07-28', '09:30:00', 1, 115),
(513, '2024-07-28', '09:30:00', 1, 116),
(514, '2024-07-28', '09:30:00', 1, 115),
(515, '2024-07-28', '19:00:00', 7, 116),
(516, '2024-07-28', '19:00:00', 7, 115),
(517, '2024-07-28', '20:30:00', 7, 116),
(518, '2024-07-28', '20:30:00', 7, 115),
(519, '2024-07-28', '21:45:00', 7, 116),
(520, '2024-07-28', '21:45:00', 7, 115),
(521, '2024-07-29', '09:30:00', 7, 119),
(522, '2024-07-29', '09:30:00', 7, 115),
(523, '2024-07-29', '10:30:00', 7, 119),
(524, '2024-07-29', '10:30:00', 7, 115),
(525, '2024-07-29', '11:30:00', 7, 119),
(526, '2024-07-29', '11:30:00', 7, 115),
(527, '2024-07-29', '14:00:00', 7, 119),
(528, '2024-07-29', '14:00:00', 7, 115),
(529, '2024-07-29', '19:00:00', 7, 118),
(530, '2024-07-29', '19:00:00', 7, 115),
(531, '2024-07-29', '19:00:00', 7, 119),
(532, '2024-07-29', '19:00:00', 7, 116),
(533, '2024-07-29', '19:00:00', 7, 119),
(534, '2024-07-29', '19:00:00', 7, 116),
(535, '2024-07-30', '12:00:00', 7, 120),
(536, '2024-07-30', '12:00:00', 7, 120),
(537, '2024-07-30', '12:00:00', 7, 120),
(538, '2024-07-30', '12:00:00', 7, 120),
(539, '2024-07-30', '12:00:00', 7, 120),
(540, '2024-07-30', '19:30:00', 7, 120),
(541, '2024-07-30', '19:30:00', 7, 120),
(542, '2024-07-31', '12:00:00', 7, 125),
(543, '2024-07-31', '12:00:00', 7, 125),
(544, '2024-07-31', '12:00:00', 7, 125),
(545, '2024-07-31', '12:00:00', 7, 125),
(546, '2024-07-31', '12:00:00', 7, 125),
(547, '2024-07-31', '19:30:00', 7, 125),
(548, '2024-07-31', '19:30:00', 7, 125),
(549, '2024-08-01', '10:00:00', 7, 122),
(550, '2024-08-01', '10:00:00', 7, 122),
(551, '2024-08-01', '10:00:00', 7, 122),
(552, '2024-08-01', '10:00:00', 7, 122),
(553, '2024-08-01', '10:00:00', 7, 122),
(554, '2024-08-01', '19:10:00', 7, 122),
(555, '2024-08-01', '19:10:00', 7, 122),
(556, '2024-08-02', '12:00:00', 7, 121),
(557, '2024-08-02', '12:00:00', 7, 121),
(558, '2024-08-02', '12:00:00', 7, 121),
(559, '2024-08-02', '12:00:00', 7, 121),
(560, '2024-08-02', '12:00:00', 7, 121),
(561, '2024-08-02', '19:30:00', 7, 121),
(562, '2024-08-02', '19:30:00', 7, 121),
(563, '2024-08-02', '11:30:00', 7, 124),
(564, '2024-08-02', '11:30:00', 7, 124),
(565, '2024-08-02', '11:30:00', 7, 124),
(566, '2024-08-02', '11:30:00', 7, 124),
(567, '2024-08-02', '11:30:00', 7, 124),
(568, '2024-08-02', '19:00:00', 7, 124),
(569, '2024-08-02', '19:00:00', 7, 124),
(570, '2024-08-04', '10:00:00', 7, 123),
(571, '2024-08-04', '10:00:00', 7, 123),
(572, '2024-08-04', '10:00:00', 7, 123),
(573, '2024-08-04', '10:00:00', 7, 123),
(574, '2024-08-04', '10:00:00', 7, 123),
(575, '2024-08-04', '19:10:00', 7, 123),
(576, '2024-08-04', '19:10:00', 7, 123),
(577, '2024-07-27', '11:00:00', 13, 137),
(578, '2024-07-27', '15:30:00', 13, 137),
(579, '2024-07-27', '20:00:00', 13, 137),
(580, '2024-07-28', '09:30:00', 13, 131),
(581, '2024-07-28', '14:50:00', 13, 131),
(582, '2024-07-28', '18:00:00', 13, 131),
(583, '2024-07-28', '21:10:00', 13, 131),
(584, '2024-07-29', '17:30:00', 13, 136),
(585, '2024-07-30', '18:15:00', 13, 130),
(586, '2024-07-31', '17:30:00', 13, 136),
(587, '2024-08-01', '18:15:00', 13, 130),
(588, '2024-08-03', '15:30:00', 13, 137),
(589, '2024-08-04', '15:00:00', 13, 137),
(590, '2024-08-05', '12:00:00', 13, 137),
(591, '2024-08-01', '09:00:00', 22, 128),
(592, '2024-08-02', '09:00:00', 22, 128),
(593, '2024-08-03', '09:00:00', 22, 128),
(594, '2024-08-04', '09:00:00', 22, 128),
(595, '2024-08-07', '09:00:00', 22, 129),
(596, '2024-08-08', '09:00:00', 22, 129),
(597, '2024-08-09', '09:00:00', 22, 129),
(598, '2024-08-10', '09:00:00', 22, 129),
(599, '2024-08-08', '10:00:00', 14, 145),
(600, '2024-08-08', '15:00:00', 14, 145),
(601, '2024-08-09', '10:00:00', 14, 144),
(602, '2024-08-09', '14:30:00', 14, 145),
(603, '2024-08-10', '14:00:00', 14, 144),
(604, '2024-08-02', '12:00:00', 13, 133),
(605, '2024-08-02', '18:00:00', 13, 133),
(606, '2024-08-08', '11:00:00', 4, 240),
(607, '2024-08-09', '13:00:00', 18, 240),
(608, '2024-08-10', '09:30:00', 18, 239),
(609, '2024-08-10', '17:30:00', 18, 240),
(610, '2024-08-11', '11:00:00', 18, 239),
(611, '2024-07-28', '14:00:00', 21, 107),
(612, '2024-07-29', '14:00:00', 21, 107),
(613, '2024-08-08', '07:30:00', 37, 229),
(614, '2024-08-09', '07:30:00', 37, 230),
(615, '2024-07-25', '09:00:00', 10, 156),
(616, '2024-07-25', '14:00:00', 10, 156),
(617, '2024-08-25', '19:00:00', 10, 156),
(618, '2024-07-27', '09:00:00', 10, 157),
(619, '2024-07-27', '14:00:00', 10, 157),
(620, '2024-07-27', '19:00:00', 10, 157),
(621, '2024-07-28', '09:00:00', 10, 156),
(622, '2024-07-28', '14:00:00', 10, 156),
(623, '2024-07-28', '19:00:00', 10, 156),
(624, '2024-07-29', '09:00:00', 10, 157),
(625, '2024-07-29', '14:00:00', 10, 157),
(626, '2024-07-29', '19:00:00', 10, 157),
(627, '2024-07-30', '09:00:00', 10, 156),
(628, '2024-07-30', '14:00:00', 10, 156),
(629, '2024-07-30', '19:00:00', 10, 156),
(630, '2024-07-31', '09:00:00', 10, 157),
(631, '2024-07-31', '14:00:00', 10, 157),
(632, '2024-07-31', '19:00:00', 10, 157),
(633, '2024-08-01', '09:00:00', 10, 156),
(634, '2024-08-01', '14:00:00', 10, 156),
(635, '2024-08-01', '19:00:00', 10, 156),
(636, '2024-08-02', '09:00:00', 10, 157),
(637, '2024-08-02', '14:00:00', 10, 157),
(638, '2024-08-02', '19:00:00', 10, 157),
(639, '2024-08-03', '09:00:00', 10, 156),
(640, '2024-08-03', '14:00:00', 10, 156),
(641, '2024-08-03', '19:00:00', 10, 156),
(642, '2024-08-04', '09:00:00', 10, 157),
(643, '2024-08-04', '14:00:00', 10, 157),
(644, '2024-08-04', '19:00:00', 10, 157),
(645, '2024-08-06', '09:30:00', 27, 156),
(646, '2024-08-06', '13:30:00', 27, 156),
(647, '2024-08-06', '17:30:00', 27, 156),
(648, '2024-08-06', '21:30:00', 27, 156),
(649, '2024-08-07', '09:30:00', 27, 157),
(650, '2024-08-07', '13:30:00', 27, 157),
(651, '2024-08-07', '17:30:00', 27, 157),
(652, '2024-08-07', '21:30:00', 27, 157),
(653, '2024-08-08', '16:30:00', 27, 156),
(654, '2024-08-08', '21:30:00', 27, 156),
(655, '2024-08-09', '16:30:00', 27, 157),
(656, '2024-08-09', '21:30:00', 27, 157),
(657, '2024-08-10', '10:00:00', 27, 156),
(658, '2024-08-10', '15:00:00', 27, 156),
(659, '2024-08-11', '09:00:00', 27, 157),
(660, '2024-08-11', '13:30:00', 27, 157),
(661, '2024-07-27', '10:00:00', 5, 160),
(662, '2024-07-27', '10:00:00', 5, 167),
(663, '2024-07-27', '16:00:00', 5, 160),
(664, '2024-07-27', '16:00:00', 5, 160),
(665, '2024-07-27', '16:00:00', 5, 167),
(666, '2024-07-27', '16:00:00', 5, 167),
(667, '2024-07-27', '16:00:00', 5, 160),
(668, '2024-07-27', '16:00:00', 5, 160),
(669, '2024-07-27', '16:00:00', 5, 167),
(670, '2024-07-27', '16:00:00', 5, 167),
(671, '2024-07-26', '10:00:00', 5, 161),
(672, '2024-07-26', '10:00:00', 5, 168),
(673, '2024-07-26', '16:00:00', 5, 168),
(674, '2024-07-26', '16:00:00', 5, 168),
(675, '2024-07-26', '16:00:00', 5, 161),
(676, '2024-07-26', '16:00:00', 5, 161),
(677, '2024-07-26', '16:00:00', 5, 168),
(678, '2024-07-26', '16:00:00', 5, 168),
(679, '2024-07-26', '16:00:00', 5, 161),
(680, '2024-07-26', '16:00:00', 5, 161),
(681, '2024-07-29', '10:00:00', 5, 162),
(682, '2024-07-29', '10:00:00', 5, 169),
(683, '2024-07-29', '16:00:00', 5, 162),
(684, '2024-07-29', '16:00:00', 5, 162),
(685, '2024-07-29', '16:00:00', 5, 169),
(686, '2024-07-29', '16:00:00', 5, 169),
(687, '2024-07-29', '16:00:00', 5, 162),
(688, '2024-07-29', '16:00:00', 5, 162),
(689, '2024-07-29', '16:00:00', 5, 169),
(690, '2024-07-29', '16:00:00', 5, 169),
(691, '2024-07-30', '10:00:00', 5, 163),
(692, '2024-07-30', '10:00:00', 5, 170),
(693, '2024-07-30', '16:00:00', 5, 170),
(694, '2024-07-30', '16:00:00', 5, 170),
(695, '2024-07-30', '16:00:00', 5, 163),
(696, '2024-07-30', '16:00:00', 5, 163),
(697, '2024-07-30', '16:00:00', 5, 170),
(698, '2024-07-30', '16:00:00', 5, 170),
(699, '2024-07-30', '16:00:00', 5, 163),
(700, '2024-07-30', '16:00:00', 5, 163),
(701, '2024-07-31', '10:00:00', 5, 164),
(702, '2024-07-31', '10:00:00', 5, 171),
(703, '2024-07-31', '16:00:00', 5, 164),
(704, '2024-07-31', '16:00:00', 5, 164),
(705, '2024-07-31', '16:00:00', 5, 171),
(706, '2024-07-31', '16:00:00', 5, 171),
(707, '2024-07-31', '16:00:00', 5, 164),
(708, '2024-07-31', '16:00:00', 5, 164),
(709, '2024-07-31', '16:00:00', 5, 171),
(710, '2024-07-31', '16:00:00', 5, 171),
(711, '2024-08-26', '10:00:00', 5, 165),
(712, '2024-08-26', '10:00:00', 5, 172),
(713, '2024-08-01', '16:00:00', 5, 172),
(714, '2024-08-01', '16:00:00', 5, 172),
(715, '2024-08-01', '16:00:00', 5, 165),
(716, '2024-08-01', '16:00:00', 5, 165),
(717, '2024-08-01', '16:00:00', 5, 172),
(718, '2024-08-01', '16:00:00', 5, 172),
(719, '2024-08-01', '16:00:00', 5, 165),
(720, '2024-08-01', '16:00:00', 5, 165),
(721, '2024-07-27', '10:00:00', 16, 159),
(722, '2024-07-27', '10:30:00', 16, 159),
(723, '2024-07-27', '17:00:00', 16, 159),
(724, '2024-07-27', '17:00:00', 16, 158),
(725, '2024-07-27', '17:30:00', 16, 159),
(726, '2024-07-27', '17:30:00', 16, 158),
(727, '2024-07-28', '10:00:00', 16, 158),
(728, '2024-07-28', '10:30:00', 16, 158),
(729, '2024-07-28', '17:00:00', 16, 159),
(730, '2024-07-28', '17:30:00', 16, 159),
(731, '2024-07-27', '12:00:00', 35, 246),
(732, '2024-07-27', '17:00:00', 35, 246),
(733, '2024-07-28', '12:00:00', 35, 245),
(734, '2024-07-28', '12:00:00', 35, 245),
(735, '2024-08-06', '12:30:00', 35, 243),
(736, '2024-08-06', '17:30:00', 35, 243),
(737, '2024-08-07', '12:30:00', 35, 244),
(738, '2024-08-07', '12:30:00', 35, 244),
(739, '2024-07-27', '07:00:00', 25, 253),
(740, '2024-07-27', '07:00:00', 25, 252),
(741, '2024-07-28', '07:00:00', 25, 252),
(742, '2024-07-28', '07:00:00', 25, 253),
(743, '2024-07-29', '07:00:00', 25, 252),
(744, '2024-07-29', '07:00:00', 25, 253),
(745, '2024-07-30', '07:00:00', 25, 253),
(746, '2024-07-30', '07:00:00', 25, 253),
(747, '2024-07-30', '07:00:00', 25, 253),
(748, '2024-07-30', '07:00:00', 25, 253),
(749, '2024-07-30', '07:00:00', 25, 252),
(750, '2024-07-30', '07:00:00', 25, 252),
(751, '2024-07-30', '07:00:00', 25, 252),
(752, '2024-07-30', '07:00:00', 25, 252),
(753, '2024-08-05', '19:30:00', 3, 228),
(754, '2024-08-06', '19:30:00', 3, 227),
(755, '2024-08-07', '19:30:00', 3, 226),
(756, '2024-08-09', '19:30:00', 3, 225),
(757, '2024-08-10', '19:30:00', 3, 224),
(758, '2024-08-07', '09:00:00', 7, 258),
(759, '2024-08-07', '09:00:00', 7, 254),
(760, '2024-08-07', '14:30:00', 7, 258),
(761, '2024-08-07', '14:30:00', 7, 254),
(762, '2024-08-07', '19:30:00', 7, 254),
(763, '2024-08-07', '19:30:00', 7, 258),
(764, '2024-08-07', '19:30:00', 7, 254),
(765, '2024-08-07', '19:30:00', 7, 258),
(766, '2024-08-08', '09:00:00', 7, 259),
(767, '2024-08-08', '09:00:00', 7, 255),
(768, '2024-08-08', '14:30:00', 7, 259),
(769, '2024-08-08', '14:30:00', 7, 255),
(770, '2024-08-08', '19:30:00', 7, 259),
(771, '2024-08-08', '19:30:00', 7, 255),
(772, '2024-08-08', '19:30:00', 7, 259),
(773, '2024-08-08', '19:30:00', 7, 255),
(774, '2024-08-09', '09:00:00', 7, 260),
(775, '2024-08-09', '09:00:00', 7, 256),
(776, '2024-08-09', '14:30:00', 7, 260),
(777, '2024-08-09', '14:30:00', 7, 256),
(778, '2024-08-09', '19:30:00', 7, 260),
(779, '2024-08-09', '19:30:00', 7, 256),
(780, '2024-08-09', '19:30:00', 7, 260),
(781, '2024-08-09', '19:30:00', 7, 256),
(782, '2024-08-10', '09:00:00', 7, 261),
(783, '2024-08-10', '09:00:00', 7, 257),
(784, '2024-08-10', '14:30:00', 7, 261),
(785, '2024-08-10', '14:30:00', 7, 257),
(786, '2024-08-10', '19:30:00', 7, 261),
(787, '2024-08-10', '19:30:00', 7, 257),
(788, '2024-08-10', '19:30:00', 7, 261),
(789, '2024-08-10', '19:30:00', 7, 257),
(790, '2024-07-30', '08:00:00', 37, 295),
(791, '2024-07-31', '08:00:00', 37, 294),
(792, '2024-08-05', '08:00:00', 37, 296),
(793, '2024-07-27', '12:00:00', 12, 262),
(794, '2024-07-27', '12:00:00', 12, 263),
(795, '2024-07-27', '12:00:00', 12, 262),
(796, '2024-07-27', '12:00:00', 12, 263),
(797, '2024-07-27', '12:00:00', 12, 264),
(798, '2024-07-27', '12:00:00', 12, 265),
(799, '2024-07-27', '12:00:00', 12, 262),
(800, '2024-07-27', '12:00:00', 12, 263),
(801, '2024-07-27', '12:00:00', 12, 264),
(802, '2024-07-27', '12:00:00', 12, 265),
(803, '2024-07-27', '12:00:00', 12, 262),
(804, '2024-07-27', '12:00:00', 12, 263),
(805, '2024-07-27', '12:00:00', 12, 264),
(806, '2024-07-27', '12:00:00', 12, 265),
(807, '2024-07-27', '12:00:00', 12, 262),
(808, '2024-07-27', '12:00:00', 12, 263),
(809, '2024-07-28', '12:00:00', 12, 262),
(810, '2024-07-28', '12:00:00', 12, 263),
(811, '2024-07-28', '12:00:00', 12, 262),
(812, '2024-07-28', '12:00:00', 12, 263),
(813, '2024-07-28', '12:00:00', 12, 264),
(814, '2024-07-28', '12:00:00', 12, 265),
(815, '2024-07-28', '12:00:00', 12, 262),
(816, '2024-07-28', '12:00:00', 12, 263),
(817, '2024-07-28', '12:00:00', 12, 264),
(818, '2024-07-28', '12:00:00', 12, 265),
(819, '2024-07-28', '12:00:00', 12, 262),
(820, '2024-07-28', '12:00:00', 12, 263),
(821, '2024-07-28', '12:00:00', 12, 264),
(822, '2024-07-28', '12:00:00', 12, 265),
(823, '2024-07-28', '12:00:00', 12, 262),
(824, '2024-07-28', '12:00:00', 12, 263),
(825, '2024-07-29', '12:00:00', 12, 262),
(826, '2024-07-29', '12:00:00', 12, 263),
(827, '2024-07-29', '12:00:00', 12, 262),
(828, '2024-07-29', '12:00:00', 12, 263),
(829, '2024-07-29', '12:00:00', 12, 264),
(830, '2024-07-29', '12:00:00', 12, 265),
(831, '2024-07-29', '12:00:00', 12, 262),
(832, '2024-07-29', '12:00:00', 12, 263),
(833, '2024-07-29', '12:00:00', 12, 264),
(834, '2024-07-29', '12:00:00', 12, 265),
(835, '2024-07-29', '12:00:00', 12, 262),
(836, '2024-07-29', '12:00:00', 12, 263),
(837, '2024-07-29', '12:00:00', 12, 264),
(838, '2024-07-29', '12:00:00', 12, 265),
(839, '2024-07-29', '12:00:00', 12, 262),
(840, '2024-07-29', '12:00:00', 12, 263),
(841, '2024-07-30', '12:00:00', 12, 262),
(842, '2024-07-30', '12:00:00', 12, 263),
(843, '2024-07-30', '12:00:00', 12, 262),
(844, '2024-07-30', '12:00:00', 12, 263),
(845, '2024-07-30', '12:00:00', 12, 264),
(846, '2024-07-30', '12:00:00', 12, 265),
(847, '2024-07-30', '12:00:00', 12, 262),
(848, '2024-07-30', '12:00:00', 12, 263),
(849, '2024-07-30', '12:00:00', 12, 264),
(850, '2024-07-30', '12:00:00', 12, 265),
(851, '2024-07-30', '12:00:00', 12, 262),
(852, '2024-07-30', '12:00:00', 12, 263),
(853, '2024-07-30', '12:00:00', 12, 264),
(854, '2024-07-30', '12:00:00', 12, 265),
(855, '2024-07-30', '12:00:00', 12, 262),
(856, '2024-07-30', '12:00:00', 12, 263),
(857, '2024-07-31', '12:00:00', 12, 262),
(858, '2024-07-31', '12:00:00', 12, 263),
(859, '2024-07-31', '12:00:00', 12, 262),
(860, '2024-07-31', '12:00:00', 12, 263),
(861, '2024-07-31', '12:00:00', 12, 264),
(862, '2024-07-31', '12:00:00', 12, 265),
(863, '2024-07-31', '12:00:00', 12, 266),
(864, '2024-07-31', '12:00:00', 12, 262),
(865, '2024-07-31', '12:00:00', 12, 263),
(866, '2024-07-31', '12:00:00', 12, 264),
(867, '2024-07-31', '12:00:00', 12, 265),
(868, '2024-07-31', '12:00:00', 12, 262),
(869, '2024-07-31', '12:00:00', 12, 263),
(870, '2024-07-31', '12:00:00', 12, 264),
(871, '2024-07-31', '12:00:00', 12, 266),
(872, '2024-07-31', '12:00:00', 12, 262),
(873, '2024-07-31', '12:00:00', 12, 263),
(874, '2024-08-01', '12:00:00', 12, 262),
(875, '2024-08-01', '12:00:00', 12, 263),
(876, '2024-08-01', '12:00:00', 12, 262),
(877, '2024-08-01', '12:00:00', 12, 263),
(878, '2024-08-01', '12:00:00', 12, 264),
(879, '2024-08-01', '12:00:00', 12, 265),
(880, '2024-08-01', '12:00:00', 12, 262),
(881, '2024-08-01', '12:00:00', 12, 263),
(882, '2024-08-01', '12:00:00', 12, 264),
(883, '2024-08-01', '12:00:00', 12, 265),
(884, '2024-08-01', '12:00:00', 12, 262),
(885, '2024-08-01', '12:00:00', 12, 263),
(886, '2024-08-01', '12:00:00', 12, 264),
(887, '2024-08-01', '12:00:00', 12, 266),
(888, '2024-08-01', '19:00:00', 12, 262),
(889, '2024-08-01', '19:00:00', 12, 263),
(890, '2024-08-02', '12:00:00', 12, 262),
(891, '2024-08-02', '12:00:00', 12, 263),
(892, '2024-08-02', '12:00:00', 12, 265),
(893, '2024-08-02', '12:00:00', 12, 266),
(894, '2024-08-02', '19:00:00', 12, 262),
(895, '2024-08-02', '19:00:00', 12, 266),
(896, '2024-08-03', '12:00:00', 12, 262),
(897, '2024-08-03', '12:00:00', 12, 263),
(898, '2024-08-03', '12:00:00', 12, 265),
(899, '2024-08-03', '12:00:00', 12, 264),
(900, '2024-08-03', '12:00:00', 12, 263),
(901, '2024-08-03', '12:00:00', 12, 264),
(902, '2024-08-07', '15:00:00', 10, 151),
(903, '2024-08-07', '19:30:00', 10, 146),
(904, '2024-08-08', '15:00:00', 10, 152),
(905, '2024-08-08', '19:30:00', 10, 147),
(906, '2024-08-09', '15:00:00', 10, 153),
(907, '2024-08-09', '19:30:00', 10, 148),
(908, '2024-08-10', '15:00:00', 10, 154),
(909, '2024-08-10', '19:30:00', 10, 149),
(910, '2024-08-10', '15:00:00', 10, 154),
(911, '2024-08-11', '19:30:00', 10, 149),
(912, '2024-07-28', '11:00:00', 15, 191),
(913, '2024-07-28', '11:00:00', 15, 192),
(914, '2024-07-28', '11:00:00', 15, 193),
(915, '2024-07-28', '11:00:00', 15, 194),
(916, '2024-07-28', '11:00:00', 15, 195),
(917, '2024-07-28', '11:00:00', 15, 196),
(918, '2024-07-28', '20:30:00', 15, 197),
(919, '2024-07-28', '20:30:00', 15, 198),
(920, '2024-07-28', '20:30:00', 15, 199),
(921, '2024-07-28', '20:30:00', 15, 200),
(922, '2024-07-29', '20:30:00', 15, 201),
(923, '2024-07-29', '20:30:00', 15, 202),
(924, '2024-07-29', '11:00:00', 15, 203),
(925, '2024-07-29', '11:00:00', 15, 204),
(926, '2024-07-29', '11:00:00', 15, 205),
(927, '2024-07-29', '11:00:00', 15, 206),
(928, '2024-07-29', '11:00:00', 15, 207),
(929, '2024-07-29', '11:00:00', 15, 208),
(930, '2024-07-29', '20:30:00', 15, 209),
(931, '2024-07-29', '20:30:00', 15, 210),
(932, '2024-07-30', '20:30:00', 15, 211),
(933, '2024-07-30', '20:30:00', 15, 212),
(934, '2024-07-30', '20:30:00', 15, 213),
(935, '2024-07-30', '20:30:00', 15, 214),
(936, '2024-07-30', '11:00:00', 15, 215),
(937, '2024-07-30', '11:00:00', 15, 216),
(938, '2024-07-30', '11:00:00', 15, 217),
(939, '2024-07-30', '11:00:00', 15, 218),
(940, '2024-07-30', '11:00:00', 15, 219),
(941, '2024-07-30', '11:00:00', 15, 220),
(942, '2024-07-02', '20:30:00', 15, 221),
(943, '2024-07-31', '20:30:00', 15, 222),
(944, '2024-07-31', '20:30:00', 15, 223),
(945, '2024-07-28', '20:30:00', 24, 297),
(946, '2024-07-28', '20:30:00', 24, 298),
(947, '2024-07-28', '11:00:00', 24, 299),
(948, '2024-07-28', '11:00:00', 24, 300),
(949, '2024-07-28', '11:00:00', 24, 301),
(950, '2024-07-28', '11:00:00', 24, 302),
(951, '2024-07-28', '11:00:00', 24, 303),
(952, '2024-07-28', '11:00:00', 24, 304),
(953, '2024-07-28', '20:30:00', 24, 305),
(954, '2024-07-28', '20:30:00', 24, 306),
(955, '2024-07-29', '20:30:00', 24, 297),
(956, '2024-07-29', '20:30:00', 24, 298),
(957, '2024-07-29', '11:00:00', 24, 299),
(958, '2024-07-29', '11:00:00', 24, 300),
(959, '2024-07-29', '11:00:00', 24, 301),
(960, '2024-07-29', '11:00:00', 24, 302),
(961, '2024-07-29', '11:00:00', 24, 303),
(962, '2024-07-29', '11:00:00', 24, 304),
(963, '2024-07-29', '20:30:00', 24, 305),
(964, '2024-07-29', '20:30:00', 24, 306),
(965, '2024-07-30', '20:30:00', 24, 297),
(966, '2024-07-30', '20:30:00', 24, 298),
(967, '2024-07-30', '11:00:00', 24, 299),
(968, '2024-07-30', '11:00:00', 24, 300),
(969, '2024-07-30', '11:00:00', 24, 301),
(970, '2024-07-30', '11:00:00', 24, 302),
(971, '2024-07-30', '11:00:00', 24, 303),
(972, '2024-07-30', '11:00:00', 24, 304),
(973, '2024-07-30', '20:30:00', 24, 305),
(974, '2024-07-30', '20:30:00', 24, 306),
(975, '2024-07-20', '09:00:00', 23, 272),
(976, '2024-07-30', '09:30:00', 23, 273),
(977, '2024-07-30', '09:30:00', 23, 274),
(978, '2024-07-30', '09:30:00', 23, 275),
(979, '2024-07-30', '09:30:00', 23, 276),
(980, '2024-07-30', '09:00:00', 23, 277),
(981, '2024-07-30', '09:00:00', 23, 278),
(982, '2024-07-30', '09:00:00', 23, 279),
(983, '2024-07-30', '09:00:00', 23, 280),
(984, '2024-07-30', '09:00:00', 23, 281),
(985, '2024-07-30', '09:00:00', 23, 282),
(986, '2024-07-30', '09:30:00', 23, 283),
(987, '2024-07-30', '09:30:00', 23, 284),
(988, '2024-07-30', '09:30:00', 23, 285),
(989, '2024-07-30', '09:30:00', 23, 286),
(990, '2024-07-28', '09:00:00', 23, 272),
(991, '2024-07-28', '09:30:00', 23, 273),
(992, '2024-07-28', '09:30:00', 23, 274),
(993, '2024-07-28', '09:30:00', 23, 275),
(994, '2024-07-28', '09:30:00', 23, 276),
(995, '2024-07-28', '09:00:00', 23, 277),
(996, '2024-07-28', '09:00:00', 23, 278),
(997, '2024-07-28', '09:00:00', 23, 279),
(998, '2024-07-28', '09:00:00', 23, 280),
(999, '2024-07-28', '09:00:00', 23, 281),
(1000, '2024-07-28', '09:00:00', 23, 282),
(1001, '2024-07-28', '09:30:00', 23, 283),
(1002, '2024-07-28', '09:30:00', 23, 284),
(1003, '2024-07-28', '09:30:00', 23, 285),
(1004, '2024-07-28', '09:30:00', 23, 286),
(1005, '2024-07-29', '09:00:00', 23, 272),
(1006, '2024-07-29', '09:30:00', 23, 273),
(1007, '2024-07-29', '09:30:00', 23, 274),
(1008, '2024-07-29', '09:30:00', 23, 275),
(1009, '2024-07-29', '09:30:00', 23, 276),
(1010, '2024-07-29', '09:00:00', 23, 277),
(1011, '2024-07-29', '09:00:00', 23, 278),
(1012, '2024-07-29', '09:00:00', 23, 279),
(1013, '2024-07-29', '09:00:00', 23, 280),
(1014, '2024-07-29', '09:00:00', 23, 281),
(1015, '2024-07-29', '09:00:00', 23, 282),
(1016, '2024-07-29', '09:30:00', 23, 283),
(1017, '2024-07-29', '09:30:00', 23, 284),
(1018, '2024-07-29', '09:30:00', 23, 285),
(1019, '2024-07-29', '09:30:00', 23, 286);


--Insertion des tuples dans la table Transport
INSERT INTO Transport (ID_Transport, Type_Transport, Numéro_Transport) VALUES
(1, 'RER', 'A'),
(2, 'RER', 'B'),
(3, 'RER', 'C'),
(4, 'RER', 'D'),
(5, 'RER', 'E'),
(6, 'Metro', '1'),
(7, 'Metro', '2'),
(8, 'Metro', '3'),
(9, 'Metro', '3bis'),
(10, 'Metro', '4'),
(11, 'Metro', '5'),
(12, 'Metro', '6'),
(13, 'Metro', '7'),
(14, 'Metro', '7bis'),
(15, 'Metro', '8'),
(16, 'Metro', '9'),
(17, 'Metro', '10'),
(18, 'Metro', '11'),
(19, 'Metro', '12'),
(20, 'Metro', '13'),
(21, 'Metro', '14'),
(22, 'Metro', '15'),
(23, 'Metro', '16'),
(24, 'Tramway', '1'),
(25, 'Tramway', '2'),
(26, 'Tramway', '3a'),
(27, 'Tramway', '3b'),
(28, 'Tramway', '4'),
(29, 'Tramway', '5'),
(30, 'Tramway', '6'),
(31, 'Tramway', '7'),
(32, 'Tramway', '8'),
(33, 'Tramway', '9'),
(34, 'Tramway', '10'),
(35, 'Tramway', '11'),
(36, 'Tramway', '13'),
(37, 'Transilien', 'H'),
(38, 'Transilien', 'J'),
(39, 'Transilien', 'K'),
(40, 'Transilien', 'N'),
(41, 'Transilien', 'P'),
(42, 'Transilien', 'R'),
(43, 'Transilien', 'U'),
(44, 'navette', 'Aeroport CDG2 --> Paris'),
(45, 'navette', 'Aeroport Lesquin --> Lille'),
(46, 'navette', 'Aéroport Marseille Provence --> Marseille'),
(47, 'navette', 'Aéroport de Lyon-Saint-Exupérye --> Lyon'),
(48, 'navette', 'Aéroport Nice Côte de azur --> Nice'),
(49, 'navette', 'Aéroport de Bordeaux -->Bordeaux'),
(50, 'navette', 'Aéroport Châteauroux Centre --> Châteauroux'),
(51, 'Bus', '20'),
(52, 'Bus', '21'),
(53, 'Bus', '22'),
(54, 'Bus', '24'),
(55, 'Bus', '26'),
(56, 'Bus', '27'),
(57, 'Bus', '28'),
(58, 'Bus', '29'),
(59, 'Bus', '30'),
(60, 'Bus', '31'),
(61, 'Bus', '32'),
(62, 'Bus', '35'),
(63, 'Bus', '38'),
(64, 'Bus', '39'),
(65, 'Bus', '42'),
(66, 'Bus', '43'),
(67, 'Bus', '46'),
(68, 'Bus', '47'),
(69, 'Bus', '48'),
(70, 'Bus', '52'),
(71, 'Bus', '53'),
(72, 'Bus', '54'),
(73, 'Bus', '56'),
(74, 'Bus', '57'),
(75, 'Bus', '58'),
(76, 'Bus', '60'),
(77, 'Bus', '61'),
(78, 'Bus', '62'),
(79, 'Bus', '63'),
(80, 'Bus', '64'),
(81, 'Bus', '65'),
(82, 'Bus', '66'),
(83, 'Bus', '67'),
(84, 'Bus', '68'),
(85, 'Bus', '69'),
(86, 'Bus', '70'),
(87, 'Bus', '72'),
(88, 'Bus', '73'),
(89, 'Bus', '74'),
(90, 'Bus', '75'),
(91, 'Bus', '76'),
(92, 'Bus', '80'),
(93, 'Bus', '81'),
(94, 'Bus', '82'),
(95, 'Bus', '83'),
(96, 'Bus', '84'),
(97, 'Bus', '85'),
(98, 'Bus', '86'),
(99, 'Bus', '87'),
(100, 'Bus', '88'),
(101, 'Bus', '89'),
(102, 'Bus', '91'),
(103, 'Bus', '92'),
(104, 'Bus', '93'),
(105, 'Bus', '94'),
(106, 'Bus', '95'),
(107, 'Bus', '96'),
(108, 'Bus', '101'),
(109, 'Bus', '102'),
(110, 'Bus', '103'),
(111, 'Bus', '104'),
(112, 'Bus', '105'),
(113, 'Bus', '106'),
(114, 'Bus', '107'),
(115, 'Bus', '108'),
(116, 'Bus', '109'),
(117, 'Bus', '110'),
(118, 'Bus', '111'),
(119, 'Bus', '112'),
(120, 'Bus', '113'),
(121, 'Bus', '114'),
(122, 'Bus', '115'),
(123, 'Bus', '116'),
(124, 'Bus', '117'),
(125, 'Bus', '118'),
(126, 'Bus', '119'),
(127, 'Bus', '120'),
(128, 'Bus', '121'),
(129, 'Bus', '122'),
(130, 'Bus', '123'),
(131, 'Bus', '124'),
(132, 'Bus', '125'),
(133, 'Bus', '126'),
(134, 'Bus', '127'),
(135, 'Bus', '128'),
(136, 'Bus', '129'),
(137, 'Bus', '131'),
(138, 'Bus', '132'),
(139, 'Bus', '133'),
(140, 'Bus', '134'),
(141, 'Bus', '137'),
(142, 'Bus', '138'),
(143, 'Bus', '139'),
(144, 'Bus', '140'),
(145, 'Bus', '141'),
(146, 'Bus', '143'),
(147, 'Bus', '144'),
(148, 'Bus', '145'),
(149, 'Bus', '146'),
(150, 'Bus', '147'),
(151, 'Bus', '148'),
(152, 'Bus', '150'),
(153, 'Bus', '151'),
(154, 'Bus', '152'),
(155, 'Bus', '153'),
(156, 'Bus', '156'),
(157, 'Bus', '157'),
(158, 'Bus', '158'),
(159, 'Bus', '159'),
(160, 'Bus', '160'),
(161, 'Bus', '162'),
(162, 'Bus', '163'),
(163, 'Bus', '164'),
(164, 'Bus', '165'),
(165, 'Bus', '166'),
(166, 'Bus', '167'),
(167, 'Bus', '169'),
(168, 'Bus', '170'),
(169, 'Bus', '171'),
(170, 'Bus', '172'),
(171, 'Bus', '173'),
(172, 'Bus', '174'),
(173, 'Bus', '175'),
(174, 'Bus', '176'),
(175, 'Bus', '177'),
(176, 'Bus', '178'),
(177, 'Bus', '179'),
(178, 'Bus', '180'),
(179, 'Bus', '181'),
(180, 'Bus', '182'),
(181, 'Bus', '183'),
(182, 'Bus', '184'),
(183, 'Bus', '185'),
(184, 'Bus', '186'),
(185, 'Bus', '187'),
(186, 'Bus', '188'),
(187, 'Bus', '189'),
(188, 'Bus', '190'),
(189, 'Bus', '191'),
(190, 'Bus', '192'),
(191, 'Bus', '194'),
(192, 'Bus', '195'),
(193, 'Bus', '196'),
(194, 'Bus', '197'),
(195, 'Bus', '199'),
(196, 'Bus', '201'),
(197, 'Bus', '203'),
(198, 'Bus', '206'),
(199, 'Bus', '207'),
(200, 'Bus', '208'),
(201, 'Bus', '210'),
(202, 'Bus', '211'),
(203, 'Bus', '212'),
(204, 'Bus', '213'),
(205, 'Bus', '214'),
(206, 'Bus', '215'),
(207, 'Bus', '216'),
(208, 'Bus', '217'),
(209, 'Bus', '220'),
(210, 'Bus', '221'),
(211, 'Bus', '234'),
(212, 'Bus', '235'),
(213, 'Bus', '237'),
(214, 'Bus', '238'),
(215, 'Bus', '239'),
(216, 'Bus', '241'),
(217, 'Bus', '244'),
(218, 'Bus', '247'),
(219, 'Bus', '248'),
(220, 'Bus', '249'),
(221, 'Bus', '250'),
(222, 'Bus', '251'),
(223, 'Bus', '252'),
(224, 'Bus', '253'),
(225, 'Bus', '254'),
(226, 'Bus', '255'),
(227, 'Bus', '256'),
(228, 'Bus', '258'),
(229, 'Bus', '261'),
(230, 'Bus', '262'),
(231, 'Bus', '268'),
(232, 'Bus', '269'),
(233, 'Bus', '270'),
(234, 'Bus', '272'),
(235, 'Bus', '274'),
(236, 'Bus', '275'),
(237, 'Bus', '276'),
(238, 'Bus', '278'),
(239, 'Bus', '279'),
(240, 'Bus', '281'),
(241, 'Bus', '283'),
(242, 'Bus', '285'),
(243, 'Bus', '286'),
(244, 'Bus', '289'),
(245, 'Bus', '290'),
(246, 'Bus', '291'),
(247, 'Bus', '292'),
(248, 'Bus', '294'),
(249, 'Bus', '295'),
(250, 'Bus', '297'),
(251, 'Bus', '299'),
(252, 'Bus', '301'),
(253, 'Bus', '302'),
(254, 'Bus', '303'),
(255, 'Bus', '304'),
(256, 'Bus', '306'),
(257, 'Bus', '308'),
(258, 'Bus', '310'),
(259, 'Bus', '312'),
(260, 'Bus', '317'),
(261, 'Bus', '318'),
(262, 'Bus', '319'),
(263, 'Bus', '320'),
(264, 'Bus', '321'),
(265, 'Bus', '322'),
(266, 'Bus', '323'),
(267, 'Bus', '325'),
(268, 'Bus', '330'),
(269, 'Bus', '333'),
(270, 'Bus', '334'),
(271, 'Bus', '337'),
(272, 'Bus', '340'),
(273, 'Bus', '341'),
(274, 'Bus', '346'),
(275, 'Bus', '347'),
(276, 'Bus', '349'),
(277, 'Bus', '350'),
(278, 'Bus', '351'),
(279, 'Bus', '352'),
(280, 'Bus', '355'),
(281, 'Bus', '356'),
(282, 'Bus', '360'),
(283, 'Bus', '361'),
(284, 'Bus', '366'),
(285, 'Bus', '367'),
(286, 'Bus', '368'),
(287, 'Bus', '370'),
(288, 'Bus', '372'),
(289, 'Bus', '378'),
(290, 'Bus', '379'),
(291, 'Bus', '380'),
(292, 'Bus', '385'),
(293, 'Bus', '388'),
(294, 'Bus', '389'),
(295, 'Bus', '390'),
(296, 'Bus', '391'),
(297, 'Bus', '393'),
(298, 'Bus', '394'),
(299, 'Bus', '395'),
(300, 'Bus', '396'),
(301, 'Bus', '399'),
(302, 'Bus', '421'),
(303, 'Bus', '426'),
(304, 'Bus', '459'),
(305, 'Bus', '467'),
(306, 'Bus', '471'),
(307, 'Bus', '475'),
(308, 'Bus', '485'),
(309, 'Bus', '486'),
(310, 'Bus', '487'),
(311, 'Bus', '488'),
(312, 'Bus', '492'),
(313, 'Bus', '418');


-- Insertion des tuples dans la table Desservir
INSERT INTO Desservir (ID_Transport,ID_Site) VALUES
(2, 1),
(4, 1),
(20, 1),
(19, 1),
(24, 1),
(32, 1),
(215, 1),
(155, 1),
(226, 1),
(143, 1),
(235, 2),
(133, 2),
(143, 2),
(226, 2),
(20, 2),
(2, 3),
(3, 3),
(155, 3),
(4, 3),
(2, 4),
(51, 4),
(3, 5),
(65, 5),
(85, 5),
(98, 5),
(59, 6),
(87, 6),
(94, 6),
(57, 7),
(104, 7),
(87, 7),
(15, 8),
(92, 8),
(94, 8),
(3, 9),
(15, 9),
(13, 9),
(85, 9),
(19, 10),
(26, 10),
(25, 10),
(17, 11),
(16, 11),
(87, 11),
(70, 12),
(130, 12),
(17, 12),
(12, 13),
(21, 13),
(206, 13),
(54,13),
(101, 13),
(19, 14),
(27, 14),
(162, 15),
(1, 15),
(6, 15),
(88, 15),
(87, 15),
(172, 15),
(163, 16),
(212, 16),
(255, 16),
(174, 16),
(237, 16),
(209, 17),
(5, 17),
(3, 18),
(169, 18),
(187, 19),
(244, 19),
(16, 19),
(307, 20),
(3, 20),
(313, 21),
(50, 22),
(46, 23),
(49, 25),
(45, 26),
(47, 27),
(46, 28),
(48, 30),
(47, 31),
(139, 32),
(152, 32),
(146, 32),
(2, 32),
(154, 33),
(270, 33),
(154, 34),
(277, 34),
(65, 35),
(88, 35),
(1, 35),
(15, 35),
(19, 35);